t,acc_g
0,0
0.01,0.00E+00
0.02,0.00E+00
0.03,0.00E+00
0.04,0.00E+00
0.05,0.00E+00
0.06,0.00E+00
0.07,0.00E+00
0.08,0.00E+00
0.09,0.00E+00
0.1,0.00E+00
0.11,0.00E+00
0.12,0.00E+00
0.13,0.00E+00
0.14,0.00E+00
0.15,0.00E+00
0.16,0.00E+00
0.17,0.00E+00
0.18,0.00E+00
0.19,0.00E+00
0.2,0.00E+00
0.21,0.00E+00
0.22,0.00E+00
0.23,0.00E+00
0.24,0.00E+00
0.25,0.00E+00
0.26,0.00E+00
0.27,0.00E+00
0.28,0.00E+00
0.29,0.00E+00
0.3,0.00E+00
0.31,0.00E+00
0.32,0.00E+00
0.33,0.00E+00
0.34,0.00E+00
0.35,0.00E+00
0.36,0.00E+00
0.37,0.00E+00
0.38,0.00E+00
0.39,0.00E+00
0.4,0.00E+00
0.41,0.00E+00
0.42,0.00E+00
0.43,0.00E+00
0.44,0.00E+00
0.45,0.00E+00
0.46,0.00E+00
0.47,0.00E+00
0.48,0.00E+00
0.49,0.00E+00
0.5,0.00E+00
0.51,0.00E+00
0.52,0.00E+00
0.53,0.00E+00
0.54,0.00E+00
0.55,0.00E+00
0.56,0.00E+00
0.57,0.00E+00
0.58,0.00E+00
0.59,0.00E+00
0.6,0.00E+00
0.61,0.00E+00
0.62,0.00E+00
0.63,0.00E+00
0.64,0.00E+00
0.65,0.00E+00
0.66,0.00E+00
0.67,0.00E+00
0.68,0.00E+00
0.69,0.00E+00
0.7,0.00E+00
0.71,0.00E+00
0.72,0.00E+00
0.73,0.00E+00
0.74,0.00E+00
0.75,0.00E+00
0.76,0.00E+00
0.77,0.00E+00
0.78,0.00E+00
0.79,0.00E+00
0.8,0.00E+00
0.81,0.00E+00
0.82,0.00E+00
0.83,0.00E+00
0.84,0.00E+00
0.85,0.00E+00
0.86,0.00E+00
0.87,0.00E+00
0.88,0.00E+00
0.89,0.00E+00
0.9,0.00E+00
0.91,0.00E+00
0.92,0.00E+00
0.93,0.00E+00
0.94,0.00E+00
0.95,0.00E+00
0.96,0.00E+00
0.97,0.00E+00
0.98,0.00E+00
0.99,0.00E+00
1,0.00E+00
1.01,0.00E+00
1.02,0.00E+00
1.03,0.00E+00
1.04,0.00E+00
1.05,0.00E+00
1.06,0.00E+00
1.07,0.00E+00
1.08,0.00E+00
1.09,0.00E+00
1.1,0.00E+00
1.11,0.00E+00
1.12,0.00E+00
1.13,0.00E+00
1.14,0.00E+00
1.15,0.00E+00
1.16,0.00E+00
1.17,0.00E+00
1.18,0.00E+00
1.19,0.00E+00
1.2,0.00E+00
1.21,0.00E+00
1.22,0.00E+00
1.23,0.00E+00
1.24,0.00E+00
1.25,0.00E+00
1.26,0.00E+00
1.27,0.00E+00
1.28,0.00E+00
1.29,0.00E+00
1.3,0.00E+00
1.31,0.00E+00
1.32,0.00E+00
1.33,0.00E+00
1.34,0.00E+00
1.35,0.00E+00
1.36,0.00E+00
1.37,0.00E+00
1.38,0.00E+00
1.39,0.00E+00
1.4,0.00E+00
1.41,0.00E+00
1.42,0.00E+00
1.43,0.00E+00
1.44,0.00E+00
1.45,0.00E+00
1.46,0.00E+00
1.47,0.00E+00
1.48,0.00E+00
1.49,0.00E+00
1.5,0.00E+00
1.51,0.00E+00
1.52,0.00E+00
1.53,0.00E+00
1.54,0.00E+00
1.55,0.00E+00
1.56,0.00E+00
1.57,0.00E+00
1.58,0.00E+00
1.59,0.00E+00
1.6,0.00E+00
1.61,0.00E+00
1.62,0.00E+00
1.63,0.00E+00
1.64,0.00E+00
1.65,0.00E+00
1.66,0.00E+00
1.67,0.00E+00
1.68,0.00E+00
1.69,0.00E+00
1.7,0.00E+00
1.71,0.00E+00
1.72,0.00E+00
1.73,0.00E+00
1.74,0.00E+00
1.75,0.00E+00
1.76,0.00E+00
1.77,0.00E+00
1.78,0.00E+00
1.79,0.00E+00
1.8,0.00E+00
1.81,0.00E+00
1.82,0.00E+00
1.83,0.00E+00
1.84,0.00E+00
1.85,0.00E+00
1.86,0.00E+00
1.87,0.00E+00
1.88,0.00E+00
1.89,0.00E+00
1.9,0.00E+00
1.91,0.00E+00
1.92,0.00E+00
1.93,0.00E+00
1.94,0.00E+00
1.95,0.00E+00
1.96,0.00E+00
1.97,0.00E+00
1.98,0.00E+00
1.99,0.00E+00
2,0.00E+00
2.01,0.00E+00
2.02,0.00E+00
2.03,0.00E+00
2.04,0.00E+00
2.05,0.00E+00
2.06,1.00E-03
2.07,1.00E-03
2.08,0.00E+00
2.09,0.00E+00
2.1,-1.00E-03
2.11,-1.00E-03
2.12,-1.00E-03
2.13,-1.00E-03
2.14,0.00E+00
2.15,0.00E+00
2.16,0.00E+00
2.17,0.00E+00
2.18,0.00E+00
2.19,0.00E+00
2.2,0.00E+00
2.21,0.00E+00
2.22,0.00E+00
2.23,0.00E+00
2.24,0.00E+00
2.25,0.00E+00
2.26,0.00E+00
2.27,0.00E+00
2.28,0.00E+00
2.29,0.00E+00
2.3,0.00E+00
2.31,0.00E+00
2.32,0.00E+00
2.33,0.00E+00
2.34,0.00E+00
2.35,0.00E+00
2.36,0.00E+00
2.37,0.00E+00
2.38,0.00E+00
2.39,1.00E-03
2.4,1.00E-03
2.41,0.00E+00
2.42,0.00E+00
2.43,0.00E+00
2.44,0.00E+00
2.45,0.00E+00
2.46,0.00E+00
2.47,-1.00E-03
2.48,0.00E+00
2.49,-1.00E-03
2.5,0.00E+00
2.51,-1.00E-03
2.52,0.00E+00
2.53,-1.00E-03
2.54,-1.00E-03
2.55,-1.00E-03
2.56,-1.00E-03
2.57,-1.00E-03
2.58,-1.00E-03
2.59,-1.00E-03
2.6,-1.00E-03
2.61,-1.00E-03
2.62,-1.00E-03
2.63,0.00E+00
2.64,0.00E+00
2.65,1.00E-03
2.66,1.00E-03
2.67,1.00E-03
2.68,0.00E+00
2.69,0.00E+00
2.7,0.00E+00
2.71,0.00E+00
2.72,0.00E+00
2.73,0.00E+00
2.74,0.00E+00
2.75,0.00E+00
2.76,0.00E+00
2.77,0.00E+00
2.78,0.00E+00
2.79,0.00E+00
2.8,0.00E+00
2.81,0.00E+00
2.82,1.00E-03
2.83,1.00E-03
2.84,1.00E-03
2.85,2.00E-03
2.86,1.00E-03
2.87,1.00E-03
2.88,0.00E+00
2.89,0.00E+00
2.9,1.00E-03
2.91,1.00E-03
2.92,1.00E-03
2.93,1.00E-03
2.94,1.00E-03
2.95,1.00E-03
2.96,1.00E-03
2.97,0.00E+00
2.98,0.00E+00
2.99,0.00E+00
3,0.00E+00
3.01,0.00E+00
3.02,0.00E+00
3.03,0.00E+00
3.04,0.00E+00
3.05,0.00E+00
3.06,0.00E+00
3.07,0.00E+00
3.08,-1.00E-03
3.09,-1.00E-03
3.1,-2.00E-03
3.11,-2.00E-03
3.12,-2.00E-03
3.13,-3.00E-03
3.14,-2.00E-03
3.15,-2.00E-03
3.16,-1.00E-03
3.17,0.00E+00
3.18,1.00E-03
3.19,2.00E-03
3.2,2.00E-03
3.21,2.00E-03
3.22,2.00E-03
3.23,1.00E-03
3.24,0.00E+00
3.25,-1.00E-03
3.26,-1.00E-03
3.27,0.00E+00
3.28,0.00E+00
3.29,0.00E+00
3.3,0.00E+00
3.31,0.00E+00
3.32,0.00E+00
3.33,-1.00E-03
3.34,-1.00E-03
3.35,-1.00E-03
3.36,0.00E+00
3.37,0.00E+00
3.38,0.00E+00
3.39,0.00E+00
3.4,1.00E-03
3.41,2.00E-03
3.42,3.00E-03
3.43,3.00E-03
3.44,2.00E-03
3.45,1.00E-03
3.46,0.00E+00
3.47,-2.00E-03
3.48,-2.00E-03
3.49,-2.00E-03
3.5,-1.00E-03
3.51,0.00E+00
3.52,0.00E+00
3.53,0.00E+00
3.54,0.00E+00
3.55,-1.00E-03
3.56,-2.00E-03
3.57,-2.00E-03
3.58,-2.00E-03
3.59,-2.00E-03
3.6,-1.00E-03
3.61,-1.00E-03
3.62,0.00E+00
3.63,0.00E+00
3.64,0.00E+00
3.65,1.00E-03
3.66,2.00E-03
3.67,3.00E-03
3.68,4.00E-03
3.69,3.00E-03
3.7,3.00E-03
3.71,3.00E-03
3.72,2.00E-03
3.73,1.00E-03
3.74,0.00E+00
3.75,1.00E-03
3.76,1.00E-03
3.77,2.00E-03
3.78,2.00E-03
3.79,1.00E-03
3.8,1.00E-03
3.81,1.00E-03
3.82,0.00E+00
3.83,0.00E+00
3.84,-1.00E-03
3.85,-2.00E-03
3.86,-2.00E-03
3.87,-2.00E-03
3.88,-2.00E-03
3.89,-2.00E-03
3.9,-2.00E-03
3.91,-2.00E-03
3.92,-2.00E-03
3.93,-2.00E-03
3.94,-1.00E-03
3.95,-1.00E-03
3.96,0.00E+00
3.97,-1.00E-03
3.98,0.00E+00
3.99,0.00E+00
4,0.00E+00
4.01,0.00E+00
4.02,-1.00E-03
4.03,-1.00E-03
4.04,-1.00E-03
4.05,-1.00E-03
4.06,0.00E+00
4.07,1.00E-03
4.08,2.00E-03
4.09,3.00E-03
4.1,3.00E-03
4.11,4.00E-03
4.12,4.00E-03
4.13,3.00E-03
4.14,2.00E-03
4.15,1.00E-03
4.16,0.00E+00
4.17,-1.00E-03
4.18,-2.00E-03
4.19,-1.00E-03
4.2,-1.00E-03
4.21,-1.00E-03
4.22,-1.00E-03
4.23,-1.00E-03
4.24,-1.00E-03
4.25,-1.00E-03
4.26,-1.00E-03
4.27,-2.00E-03
4.28,-2.00E-03
4.29,-2.00E-03
4.3,-1.00E-03
4.31,-1.00E-03
4.32,-1.00E-03
4.33,-1.00E-03
4.34,0.00E+00
4.35,0.00E+00
4.36,0.00E+00
4.37,1.00E-03
4.38,0.00E+00
4.39,0.00E+00
4.4,-1.00E-03
4.41,-1.00E-03
4.42,-1.00E-03
4.43,-1.00E-03
4.44,0.00E+00
4.45,1.00E-03
4.46,1.00E-03
4.47,2.00E-03
4.48,1.00E-03
4.49,1.00E-03
4.5,2.00E-03
4.51,1.00E-03
4.52,1.00E-03
4.53,1.00E-03
4.54,1.00E-03
4.55,0.00E+00
4.56,1.00E-03
4.57,0.00E+00
4.58,1.00E-03
4.59,2.00E-03
4.6,1.00E-03
4.61,1.00E-03
4.62,0.00E+00
4.63,0.00E+00
4.64,0.00E+00
4.65,0.00E+00
4.66,-1.00E-03
4.67,-1.00E-03
4.68,-1.00E-03
4.69,0.00E+00
4.7,1.00E-03
4.71,1.00E-03
4.72,2.00E-03
4.73,2.00E-03
4.74,1.00E-03
4.75,1.00E-03
4.76,0.00E+00
4.77,-1.00E-03
4.78,-2.00E-03
4.79,-2.00E-03
4.8,-1.00E-03
4.81,-1.00E-03
4.82,0.00E+00
4.83,0.00E+00
4.84,0.00E+00
4.85,0.00E+00
4.86,0.00E+00
4.87,0.00E+00
4.88,0.00E+00
4.89,0.00E+00
4.9,0.00E+00
4.91,0.00E+00
4.92,0.00E+00
4.93,-1.00E-03
4.94,-1.00E-03
4.95,-1.00E-03
4.96,0.00E+00
4.97,1.00E-03
4.98,1.00E-03
4.99,1.00E-03
5,0.00E+00
5.01,1.00E-03
5.02,0.00E+00
5.03,0.00E+00
5.04,0.00E+00
5.05,0.00E+00
5.06,1.00E-03
5.07,1.00E-03
5.08,1.00E-03
5.09,0.00E+00
5.1,-1.00E-03
5.11,-2.00E-03
5.12,-2.00E-03
5.13,-1.00E-03
5.14,0.00E+00
5.15,0.00E+00
5.16,1.00E-03
5.17,1.00E-03
5.18,1.00E-03
5.19,1.00E-03
5.2,1.00E-03
5.21,1.00E-03
5.22,0.00E+00
5.23,0.00E+00
5.24,-1.00E-03
5.25,-1.00E-03
5.26,-1.00E-03
5.27,-1.00E-03
5.28,-1.00E-03
5.29,-2.00E-03
5.3,-2.00E-03
5.31,-2.00E-03
5.32,-2.00E-03
5.33,-2.00E-03
5.34,-3.00E-03
5.35,-3.00E-03
5.36,-2.00E-03
5.37,-1.00E-03
5.38,0.00E+00
5.39,0.00E+00
5.4,1.00E-03
5.41,1.00E-03
5.42,1.00E-03
5.43,1.00E-03
5.44,1.00E-03
5.45,1.00E-03
5.46,1.00E-03
5.47,1.00E-03
5.48,2.00E-03
5.49,2.00E-03
5.5,2.00E-03
5.51,2.00E-03
5.52,2.00E-03
5.53,2.00E-03
5.54,1.00E-03
5.55,1.00E-03
5.56,0.00E+00
5.57,-2.00E-03
5.58,-2.00E-03
5.59,-3.00E-03
5.6,-3.00E-03
5.61,-2.00E-03
5.62,-2.00E-03
5.63,-1.00E-03
5.64,-1.00E-03
5.65,0.00E+00
5.66,0.00E+00
5.67,0.00E+00
5.68,1.00E-03
5.69,2.00E-03
5.7,2.00E-03
5.71,2.00E-03
5.72,2.00E-03
5.73,2.00E-03
5.74,2.00E-03
5.75,2.00E-03
5.76,2.00E-03
5.77,2.00E-03
5.78,1.00E-03
5.79,1.00E-03
5.8,1.00E-03
5.81,1.00E-03
5.82,1.00E-03
5.83,1.00E-03
5.84,1.00E-03
5.85,1.00E-03
5.86,0.00E+00
5.87,0.00E+00
5.88,0.00E+00
5.89,0.00E+00
5.9,-1.00E-03
5.91,-1.00E-03
5.92,-2.00E-03
5.93,-2.00E-03
5.94,-2.00E-03
5.95,-1.00E-03
5.96,-1.00E-03
5.97,0.00E+00
5.98,0.00E+00
5.99,1.00E-03
6,1.00E-03
6.01,2.00E-03
6.02,1.00E-03
6.03,1.00E-03
6.04,0.00E+00
6.05,-1.00E-03
6.06,-1.00E-03
6.07,-1.00E-03
6.08,-1.00E-03
6.09,0.00E+00
6.1,0.00E+00
6.11,0.00E+00
6.12,0.00E+00
6.13,1.00E-03
6.14,1.00E-03
6.15,0.00E+00
6.16,0.00E+00
6.17,0.00E+00
6.18,-1.00E-03
6.19,0.00E+00
6.2,0.00E+00
6.21,0.00E+00
6.22,0.00E+00
6.23,0.00E+00
6.24,1.00E-03
6.25,1.00E-03
6.26,1.00E-03
6.27,1.00E-03
6.28,1.00E-03
6.29,1.00E-03
6.3,0.00E+00
6.31,1.00E-03
6.32,1.00E-03
6.33,1.00E-03
6.34,1.00E-03
6.35,1.00E-03
6.36,1.00E-03
6.37,1.00E-03
6.38,0.00E+00
6.39,-1.00E-03
6.4,-2.00E-03
6.41,-2.00E-03
6.42,-2.00E-03
6.43,-3.00E-03
6.44,-3.00E-03
6.45,-2.00E-03
6.46,-1.00E-03
6.47,0.00E+00
6.48,1.00E-03
6.49,1.00E-03
6.5,1.00E-03
6.51,1.00E-03
6.52,1.00E-03
6.53,0.00E+00
6.54,0.00E+00
6.55,1.00E-03
6.56,1.00E-03
6.57,0.00E+00
6.58,0.00E+00
6.59,0.00E+00
6.6,-1.00E-03
6.61,-1.00E-03
6.62,-1.00E-03
6.63,-1.00E-03
6.64,-1.00E-03
6.65,-1.00E-03
6.66,-2.00E-03
6.67,-2.00E-03
6.68,-2.00E-03
6.69,-2.00E-03
6.7,-2.00E-03
6.71,-2.00E-03
6.72,-1.00E-03
6.73,0.00E+00
6.74,1.00E-03
6.75,2.00E-03
6.76,2.00E-03
6.77,3.00E-03
6.78,4.00E-03
6.79,4.00E-03
6.8,4.00E-03
6.81,3.00E-03
6.82,3.00E-03
6.83,3.00E-03
6.84,3.00E-03
6.85,2.00E-03
6.86,1.00E-03
6.87,0.00E+00
6.88,-2.00E-03
6.89,-3.00E-03
6.9,-3.00E-03
6.91,-3.00E-03
6.92,-3.00E-03
6.93,-3.00E-03
6.94,-3.00E-03
6.95,-2.00E-03
6.96,-2.00E-03
6.97,-2.00E-03
6.98,-1.00E-03
6.99,-1.00E-03
7,-1.00E-03
7.01,-1.00E-03
7.02,0.00E+00
7.03,1.00E-03
7.04,1.00E-03
7.05,1.00E-03
7.06,1.00E-03
7.07,1.00E-03
7.08,1.00E-03
7.09,1.00E-03
7.1,0.00E+00
7.11,0.00E+00
7.12,0.00E+00
7.13,1.00E-03
7.14,0.00E+00
7.15,0.00E+00
7.16,-1.00E-03
7.17,-1.00E-03
7.18,-1.00E-03
7.19,-1.00E-03
7.2,-1.00E-03
7.21,-1.00E-03
7.22,-1.00E-03
7.23,0.00E+00
7.24,0.00E+00
7.25,0.00E+00
7.26,0.00E+00
7.27,1.00E-03
7.28,1.00E-03
7.29,1.00E-03
7.3,0.00E+00
7.31,-1.00E-03
7.32,-2.00E-03
7.33,-2.00E-03
7.34,-3.00E-03
7.35,-2.00E-03
7.36,-1.00E-03
7.37,-1.00E-03
7.38,0.00E+00
7.39,0.00E+00
7.4,1.00E-03
7.41,0.00E+00
7.42,0.00E+00
7.43,0.00E+00
7.44,0.00E+00
7.45,0.00E+00
7.46,0.00E+00
7.47,0.00E+00
7.48,0.00E+00
7.49,-1.00E-03
7.5,-1.00E-03
7.51,0.00E+00
7.52,0.00E+00
7.53,1.00E-03
7.54,1.00E-03
7.55,2.00E-03
7.56,2.00E-03
7.57,1.00E-03
7.58,1.00E-03
7.59,1.00E-03
7.6,1.00E-03
7.61,1.00E-03
7.62,2.00E-03
7.63,2.00E-03
7.64,2.00E-03
7.65,1.00E-03
7.66,0.00E+00
7.67,-2.00E-03
7.68,-3.00E-03
7.69,-4.00E-03
7.7,-4.00E-03
7.71,-4.00E-03
7.72,-3.00E-03
7.73,-3.00E-03
7.74,-2.00E-03
7.75,-3.00E-03
7.76,-4.00E-03
7.77,-4.00E-03
7.78,-4.00E-03
7.79,-4.00E-03
7.8,-3.00E-03
7.81,-2.00E-03
7.82,0.00E+00
7.83,1.00E-03
7.84,1.00E-03
7.85,1.00E-03
7.86,1.00E-03
7.87,1.00E-03
7.88,0.00E+00
7.89,0.00E+00
7.9,0.00E+00
7.91,0.00E+00
7.92,0.00E+00
7.93,0.00E+00
7.94,0.00E+00
7.95,0.00E+00
7.96,0.00E+00
7.97,-1.00E-03
7.98,0.00E+00
7.99,0.00E+00
8,-1.00E-03
8.01,0.00E+00
8.02,0.00E+00
8.03,0.00E+00
8.04,1.00E-03
8.05,1.00E-03
8.06,1.00E-03
8.07,1.00E-03
8.08,1.00E-03
8.09,2.00E-03
8.1,2.00E-03
8.11,1.00E-03
8.12,1.00E-03
8.13,0.00E+00
8.14,-1.00E-03
8.15,-1.00E-03
8.16,-1.00E-03
8.17,0.00E+00
8.18,0.00E+00
8.19,1.00E-03
8.2,1.00E-03
8.21,2.00E-03
8.22,2.00E-03
8.23,2.00E-03
8.24,2.00E-03
8.25,2.00E-03
8.26,1.00E-03
8.27,1.00E-03
8.28,1.00E-03
8.29,1.00E-03
8.3,1.00E-03
8.31,1.00E-03
8.32,1.00E-03
8.33,1.00E-03
8.34,1.00E-03
8.35,1.00E-03
8.36,0.00E+00
8.37,0.00E+00
8.38,0.00E+00
8.39,0.00E+00
8.4,0.00E+00
8.41,0.00E+00
8.42,0.00E+00
8.43,0.00E+00
8.44,1.00E-03
8.45,1.00E-03
8.46,0.00E+00
8.47,-1.00E-03
8.48,-2.00E-03
8.49,-2.00E-03
8.5,-2.00E-03
8.51,-1.00E-03
8.52,-1.00E-03
8.53,-1.00E-03
8.54,0.00E+00
8.55,0.00E+00
8.56,-1.00E-03
8.57,0.00E+00
8.58,1.00E-03
8.59,2.00E-03
8.6,2.00E-03
8.61,2.00E-03
8.62,2.00E-03
8.63,2.00E-03
8.64,2.00E-03
8.65,2.00E-03
8.66,3.00E-03
8.67,3.00E-03
8.68,3.00E-03
8.69,2.00E-03
8.7,1.00E-03
8.71,0.00E+00
8.72,-2.00E-03
8.73,-3.00E-03
8.74,-4.00E-03
8.75,-4.00E-03
8.76,-4.00E-03
8.77,-3.00E-03
8.78,-3.00E-03
8.79,-2.00E-03
8.8,-2.00E-03
8.81,-3.00E-03
8.82,-2.00E-03
8.83,-1.00E-03
8.84,-1.00E-03
8.85,-1.00E-03
8.86,-1.00E-03
8.87,-2.00E-03
8.88,-3.00E-03
8.89,-4.00E-03
8.9,-3.00E-03
8.91,-3.00E-03
8.92,-2.00E-03
8.93,-1.00E-03
8.94,1.00E-03
8.95,3.00E-03
8.96,3.00E-03
8.97,2.00E-03
8.98,1.00E-03
8.99,2.00E-03
9,3.00E-03
9.01,4.00E-03
9.02,4.00E-03
9.03,4.00E-03
9.04,4.00E-03
9.05,3.00E-03
9.06,2.00E-03
9.07,0.00E+00
9.08,-2.00E-03
9.09,-4.00E-03
9.1,-4.00E-03
9.11,-4.00E-03
9.12,-3.00E-03
9.13,-2.00E-03
9.14,-2.00E-03
9.15,-1.00E-03
9.16,1.00E-03
9.17,2.00E-03
9.18,3.00E-03
9.19,3.00E-03
9.2,3.00E-03
9.21,2.00E-03
9.22,1.00E-03
9.23,0.00E+00
9.24,-1.00E-03
9.25,-1.00E-03
9.26,-1.00E-03
9.27,-1.00E-03
9.28,-1.00E-03
9.29,0.00E+00
9.3,0.00E+00
9.31,0.00E+00
9.32,-1.00E-03
9.33,-2.00E-03
9.34,-3.00E-03
9.35,-3.00E-03
9.36,-1.00E-03
9.37,1.00E-03
9.38,3.00E-03
9.39,5.00E-03
9.4,6.00E-03
9.41,6.00E-03
9.42,5.00E-03
9.43,3.00E-03
9.44,2.00E-03
9.45,1.00E-03
9.46,1.00E-03
9.47,1.00E-03
9.48,0.00E+00
9.49,-1.00E-03
9.5,-3.00E-03
9.51,-4.00E-03
9.52,-4.00E-03
9.53,-3.00E-03
9.54,-3.00E-03
9.55,-3.00E-03
9.56,-2.00E-03
9.57,-1.00E-03
9.58,0.00E+00
9.59,1.00E-03
9.6,1.00E-03
9.61,2.00E-03
9.62,1.00E-03
9.63,2.00E-03
9.64,3.00E-03
9.65,3.00E-03
9.66,3.00E-03
9.67,4.00E-03
9.68,4.00E-03
9.69,4.00E-03
9.7,3.00E-03
9.71,2.00E-03
9.72,1.00E-03
9.73,0.00E+00
9.74,1.00E-03
9.75,2.00E-03
9.76,3.00E-03
9.77,2.00E-03
9.78,1.00E-03
9.79,0.00E+00
9.8,-1.00E-03
9.81,0.00E+00
9.82,0.00E+00
9.83,0.00E+00
9.84,1.00E-03
9.85,2.00E-03
9.86,1.00E-03
9.87,1.00E-03
9.88,0.00E+00
9.89,0.00E+00
9.9,0.00E+00
9.91,1.00E-03
9.92,2.00E-03
9.93,3.00E-03
9.94,3.00E-03
9.95,1.00E-03
9.96,-1.00E-03
9.97,-3.00E-03
9.98,-3.00E-03
9.99,-4.00E-03
10,-3.00E-03
10.01,-3.00E-03
10.02,-2.00E-03
10.03,-1.00E-03
10.04,-1.00E-03
10.05,0.00E+00
10.06,1.00E-03
10.07,1.00E-03
10.08,2.00E-03
10.09,3.00E-03
10.1,3.00E-03
10.11,2.00E-03
10.12,1.00E-03
10.13,0.00E+00
10.14,-2.00E-03
10.15,-3.00E-03
10.16,-3.00E-03
10.17,-3.00E-03
10.18,-3.00E-03
10.19,-2.00E-03
10.2,-1.00E-03
10.21,0.00E+00
10.22,0.00E+00
10.23,0.00E+00
10.24,0.00E+00
10.25,0.00E+00
10.26,0.00E+00
10.27,1.00E-03
10.28,1.00E-03
10.29,1.00E-03
10.3,1.00E-03
10.31,2.00E-03
10.32,2.00E-03
10.33,2.00E-03
10.34,1.00E-03
10.35,-1.00E-03
10.36,-1.00E-03
10.37,-1.00E-03
10.38,2.00E-03
10.39,4.00E-03
10.4,5.00E-03
10.41,5.00E-03
10.42,5.00E-03
10.43,5.00E-03
10.44,4.00E-03
10.45,4.00E-03
10.46,4.00E-03
10.47,5.00E-03
10.48,6.00E-03
10.49,6.00E-03
10.5,4.00E-03
10.51,2.00E-03
10.52,-1.00E-03
10.53,-2.00E-03
10.54,-2.00E-03
10.55,-1.00E-03
10.56,1.00E-03
10.57,1.00E-03
10.58,1.00E-03
10.59,0.00E+00
10.6,-1.00E-03
10.61,-2.00E-03
10.62,-2.00E-03
10.63,0.00E+00
10.64,2.00E-03
10.65,2.00E-03
10.66,1.00E-03
10.67,0.00E+00
10.68,-2.00E-03
10.69,-2.00E-03
10.7,-1.00E-03
10.71,1.00E-03
10.72,3.00E-03
10.73,5.00E-03
10.74,4.00E-03
10.75,3.00E-03
10.76,2.00E-03
10.77,0.00E+00
10.78,-1.00E-03
10.79,-2.00E-03
10.8,-3.00E-03
10.81,-5.00E-03
10.82,-5.00E-03
10.83,-4.00E-03
10.84,-3.00E-03
10.85,-2.00E-03
10.86,-2.00E-03
10.87,-3.00E-03
10.88,-6.00E-03
10.89,-7.00E-03
10.9,-6.00E-03
10.91,-5.00E-03
10.92,-5.00E-03
10.93,-4.00E-03
10.94,-5.00E-03
10.95,-7.00E-03
10.96,-7.00E-03
10.97,-6.00E-03
10.98,-3.00E-03
10.99,0.00E+00
11,2.00E-03
11.01,2.00E-03
11.02,1.00E-03
11.03,1.00E-03
11.04,0.00E+00
11.05,1.00E-03
11.06,1.00E-03
11.07,2.00E-03
11.08,1.00E-03
11.09,1.00E-03
11.1,0.00E+00
11.11,0.00E+00
11.12,1.00E-03
11.13,1.00E-03
11.14,2.00E-03
11.15,2.00E-03
11.16,1.00E-03
11.17,0.00E+00
11.18,0.00E+00
11.19,2.00E-03
11.2,4.00E-03
11.21,4.00E-03
11.22,4.00E-03
11.23,2.00E-03
11.24,1.00E-03
11.25,0.00E+00
11.26,0.00E+00
11.27,1.00E-03
11.28,1.00E-03
11.29,1.00E-03
11.3,0.00E+00
11.31,-1.00E-03
11.32,-2.00E-03
11.33,-1.00E-03
11.34,0.00E+00
11.35,1.00E-03
11.36,0.00E+00
11.37,-1.00E-03
11.38,-2.00E-03
11.39,-2.00E-03
11.4,0.00E+00
11.41,1.00E-03
11.42,2.00E-03
11.43,4.00E-03
11.44,5.00E-03
11.45,6.00E-03
11.46,5.00E-03
11.47,4.00E-03
11.48,3.00E-03
11.49,3.00E-03
11.5,1.00E-03
11.51,0.00E+00
11.52,0.00E+00
11.53,0.00E+00
11.54,0.00E+00
11.55,1.00E-03
11.56,0.00E+00
11.57,0.00E+00
11.58,-1.00E-03
11.59,-1.00E-03
11.6,-1.00E-03
11.61,1.00E-03
11.62,2.00E-03
11.63,1.00E-03
11.64,0.00E+00
11.65,-3.00E-03
11.66,-4.00E-03
11.67,-5.00E-03
11.68,-4.00E-03
11.69,-4.00E-03
11.7,-3.00E-03
11.71,-1.00E-03
11.72,-2.00E-03
11.73,-3.00E-03
11.74,-6.00E-03
11.75,-8.00E-03
11.76,-7.00E-03
11.77,-6.00E-03
11.78,-6.00E-03
11.79,-6.00E-03
11.8,-6.00E-03
11.81,-6.00E-03
11.82,-6.00E-03
11.83,-6.00E-03
11.84,-6.00E-03
11.85,-4.00E-03
11.86,-2.00E-03
11.87,1.00E-03
11.88,4.00E-03
11.89,4.00E-03
11.9,3.00E-03
11.91,2.00E-03
11.92,1.00E-03
11.93,-1.00E-03
11.94,-3.00E-03
11.95,-5.00E-03
11.96,-5.00E-03
11.97,-4.00E-03
11.98,-3.00E-03
11.99,-2.00E-03
12,-2.00E-03
12.01,-2.00E-03
12.02,-2.00E-03
12.03,0.00E+00
12.04,1.00E-03
12.05,3.00E-03
12.06,4.00E-03
12.07,5.00E-03
12.08,5.00E-03
12.09,4.00E-03
12.1,3.00E-03
12.11,2.00E-03
12.12,0.00E+00
12.13,-1.00E-03
12.14,-1.00E-03
12.15,0.00E+00
12.16,0.00E+00
12.17,1.00E-03
12.18,1.00E-03
12.19,1.00E-03
12.2,1.00E-03
12.21,1.00E-03
12.22,0.00E+00
12.23,0.00E+00
12.24,-2.00E-03
12.25,-4.00E-03
12.26,-4.00E-03
12.27,-4.00E-03
12.28,-2.00E-03
12.29,-1.00E-03
12.3,1.00E-03
12.31,1.00E-03
12.32,1.00E-03
12.33,1.00E-03
12.34,1.00E-03
12.35,2.00E-03
12.36,3.00E-03
12.37,3.00E-03
12.38,3.00E-03
12.39,2.00E-03
12.4,1.00E-03
12.41,2.00E-03
12.42,3.00E-03
12.43,4.00E-03
12.44,5.00E-03
12.45,6.00E-03
12.46,6.00E-03
12.47,6.00E-03
12.48,6.00E-03
12.49,5.00E-03
12.5,3.00E-03
12.51,0.00E+00
12.52,-3.00E-03
12.53,-5.00E-03
12.54,-6.00E-03
12.55,-5.00E-03
12.56,-4.00E-03
12.57,-4.00E-03
12.58,-5.00E-03
12.59,-7.00E-03
12.6,-7.00E-03
12.61,-7.00E-03
12.62,-7.00E-03
12.63,-7.00E-03
12.64,-7.00E-03
12.65,-7.00E-03
12.66,-7.00E-03
12.67,-6.00E-03
12.68,-5.00E-03
12.69,-4.00E-03
12.7,-2.00E-03
12.71,-1.00E-03
12.72,1.00E-03
12.73,2.00E-03
12.74,2.00E-03
12.75,2.00E-03
12.76,1.00E-03
12.77,3.00E-03
12.78,5.00E-03
12.79,9.00E-03
12.8,1.10E-02
12.81,1.00E-02
12.82,8.00E-03
12.83,6.00E-03
12.84,5.00E-03
12.85,4.00E-03
12.86,3.00E-03
12.87,2.00E-03
12.88,1.00E-03
12.89,1.00E-03
12.9,1.00E-03
12.91,1.00E-03
12.92,-1.00E-03
12.93,-2.00E-03
12.94,-2.00E-03
12.95,-2.00E-03
12.96,-2.00E-03
12.97,-3.00E-03
12.98,-4.00E-03
12.99,-4.00E-03
13,-3.00E-03
13.01,-4.00E-03
13.02,-5.00E-03
13.03,-5.00E-03
13.04,-3.00E-03
13.05,-1.00E-03
13.06,2.00E-03
13.07,3.00E-03
13.08,3.00E-03
13.09,3.00E-03
13.1,3.00E-03
13.11,2.00E-03
13.12,1.00E-03
13.13,-1.00E-03
13.14,-1.00E-03
13.15,1.00E-03
13.16,3.00E-03
13.17,4.00E-03
13.18,4.00E-03
13.19,4.00E-03
13.2,4.00E-03
13.21,3.00E-03
13.22,3.00E-03
13.23,3.00E-03
13.24,3.00E-03
13.25,2.00E-03
13.26,1.00E-03
13.27,1.00E-03
13.28,1.00E-03
13.29,1.00E-03
13.3,0.00E+00
13.31,-1.00E-03
13.32,-2.00E-03
13.33,-3.00E-03
13.34,-4.00E-03
13.35,-6.00E-03
13.36,-6.00E-03
13.37,-4.00E-03
13.38,-3.00E-03
13.39,-2.00E-03
13.4,-1.00E-03
13.41,-1.00E-03
13.42,1.00E-03
13.43,2.00E-03
13.44,2.00E-03
13.45,1.00E-03
13.46,1.00E-03
13.47,1.00E-03
13.48,2.00E-03
13.49,2.00E-03
13.5,2.00E-03
13.51,3.00E-03
13.52,4.00E-03
13.53,4.00E-03
13.54,2.00E-03
13.55,0.00E+00
13.56,-2.00E-03
13.57,-3.00E-03
13.58,-3.00E-03
13.59,-3.00E-03
13.6,-4.00E-03
13.61,-5.00E-03
13.62,-6.00E-03
13.63,-6.00E-03
13.64,-5.00E-03
13.65,-4.00E-03
13.66,-4.00E-03
13.67,-4.00E-03
13.68,-3.00E-03
13.69,-1.00E-03
13.7,0.00E+00
13.71,1.00E-03
13.72,1.00E-03
13.73,4.00E-03
13.74,6.00E-03
13.75,7.00E-03
13.76,8.00E-03
13.77,6.00E-03
13.78,3.00E-03
13.79,-1.00E-03
13.8,-3.00E-03
13.81,-4.00E-03
13.82,-5.00E-03
13.83,-5.00E-03
13.84,-6.00E-03
13.85,-5.00E-03
13.86,-2.00E-03
13.87,1.00E-03
13.88,3.00E-03
13.89,2.00E-03
13.9,0.00E+00
13.91,-2.00E-03
13.92,-5.00E-03
13.93,-7.00E-03
13.94,-7.00E-03
13.95,-5.00E-03
13.96,-4.00E-03
13.97,-4.00E-03
13.98,-3.00E-03
13.99,-2.00E-03
14,-1.00E-03
14.01,1.00E-03
14.02,2.00E-03
14.03,2.00E-03
14.04,2.00E-03
14.05,0.00E+00
14.06,-1.00E-03
14.07,-1.00E-03
14.08,0.00E+00
14.09,2.00E-03
14.1,2.00E-03
14.11,2.00E-03
14.12,2.00E-03
14.13,2.00E-03
14.14,-1.00E-03
14.15,-5.00E-03
14.16,-6.00E-03
14.17,-4.00E-03
14.18,-2.00E-03
14.19,0.00E+00
14.2,0.00E+00
14.21,0.00E+00
14.22,1.00E-03
14.23,1.00E-03
14.24,0.00E+00
14.25,-2.00E-03
14.26,-1.00E-03
14.27,1.00E-03
14.28,5.00E-03
14.29,7.00E-03
14.3,5.00E-03
14.31,3.00E-03
14.32,1.00E-03
14.33,1.00E-03
14.34,1.00E-03
14.35,1.00E-03
14.36,0.00E+00
14.37,1.00E-03
14.38,2.00E-03
14.39,3.00E-03
14.4,3.00E-03
14.41,5.00E-03
14.42,6.00E-03
14.43,6.00E-03
14.44,5.00E-03
14.45,4.00E-03
14.46,4.00E-03
14.47,5.00E-03
14.48,5.00E-03
14.49,4.00E-03
14.5,2.00E-03
14.51,1.00E-03
14.52,-1.00E-03
14.53,-2.00E-03
14.54,-4.00E-03
14.55,-4.00E-03
14.56,-1.00E-03
14.57,4.00E-03
14.58,8.00E-03
14.59,9.00E-03
14.6,9.00E-03
14.61,8.00E-03
14.62,4.00E-03
14.63,0.00E+00
14.64,-2.00E-03
14.65,0.00E+00
14.66,2.00E-03
14.67,2.00E-03
14.68,-1.00E-03
14.69,-5.00E-03
14.7,-7.00E-03
14.71,-5.00E-03
14.72,-5.00E-03
14.73,-7.00E-03
14.74,-1.00E-02
14.75,-9.00E-03
14.76,-5.00E-03
14.77,-1.00E-03
14.78,4.00E-03
14.79,6.00E-03
14.8,6.00E-03
14.81,4.00E-03
14.82,2.00E-03
14.83,-2.00E-03
14.84,-4.00E-03
14.85,-5.00E-03
14.86,-2.00E-03
14.87,3.00E-03
14.88,8.00E-03
14.89,1.10E-02
14.9,1.20E-02
14.91,1.00E-02
14.92,7.00E-03
14.93,4.00E-03
14.94,4.00E-03
14.95,5.00E-03
14.96,5.00E-03
14.97,2.00E-03
14.98,0.00E+00
14.99,0.00E+00
15,-2.00E-03
15.01,-5.00E-03
15.02,-7.00E-03
15.03,-8.00E-03
15.04,-5.00E-03
15.05,-1.00E-03
15.06,1.00E-03
15.07,0.00E+00
15.08,-1.00E-03
15.09,-1.00E-03
15.1,0.00E+00
15.11,2.00E-03
15.12,2.00E-03
15.13,2.00E-03
15.14,0.00E+00
15.15,-1.00E-03
15.16,-2.00E-03
15.17,-3.00E-03
15.18,-3.00E-03
15.19,-4.00E-03
15.2,-5.00E-03
15.21,-5.00E-03
15.22,-3.00E-03
15.23,-1.00E-03
15.24,1.00E-03
15.25,2.00E-03
15.26,1.00E-03
15.27,-1.00E-03
15.28,-4.00E-03
15.29,-7.00E-03
15.3,-5.00E-03
15.31,-1.00E-03
15.32,2.00E-03
15.33,5.00E-03
15.34,7.00E-03
15.35,8.00E-03
15.36,6.00E-03
15.37,2.00E-03
15.38,-1.00E-03
15.39,0.00E+00
15.4,2.00E-03
15.41,4.00E-03
15.42,4.00E-03
15.43,3.00E-03
15.44,1.00E-03
15.45,0.00E+00
15.46,-1.00E-03
15.47,-2.00E-03
15.48,-2.00E-03
15.49,-1.00E-03
15.5,-2.00E-03
15.51,-5.00E-03
15.52,-9.00E-03
15.53,-1.10E-02
15.54,-1.10E-02
15.55,-8.00E-03
15.56,-5.00E-03
15.57,1.00E-03
15.58,5.00E-03
15.59,6.00E-03
15.6,6.00E-03
15.61,7.00E-03
15.62,7.00E-03
15.63,3.00E-03
15.64,-2.00E-03
15.65,-3.00E-03
15.66,-1.00E-03
15.67,3.00E-03
15.68,6.00E-03
15.69,7.00E-03
15.7,3.00E-03
15.71,0.00E+00
15.72,-1.00E-03
15.73,0.00E+00
15.74,-1.00E-03
15.75,-6.00E-03
15.76,-7.00E-03
15.77,-5.00E-03
15.78,-1.00E-03
15.79,0.00E+00
15.8,-3.00E-03
15.81,-5.00E-03
15.82,-3.00E-03
15.83,1.00E-03
15.84,3.00E-03
15.85,3.00E-03
15.86,5.00E-03
15.87,6.00E-03
15.88,4.00E-03
15.89,1.00E-03
15.9,-2.00E-03
15.91,-4.00E-03
15.92,-4.00E-03
15.93,-3.00E-03
15.94,-2.00E-03
15.95,-5.00E-03
15.96,-8.00E-03
15.97,-8.00E-03
15.98,-6.00E-03
15.99,-5.00E-03
16,-3.00E-03
16.01,-2.00E-03
16.02,-1.00E-03
16.03,2.00E-03
16.04,3.00E-03
16.05,3.00E-03
16.06,0.00E+00
16.07,-4.00E-03
16.08,-8.00E-03
16.09,-1.50E-02
16.1,-1.80E-02
16.11,-1.20E-02
16.12,-4.00E-03
16.13,2.00E-03
16.14,4.00E-03
16.15,7.00E-03
16.16,1.10E-02
16.17,1.30E-02
16.18,1.20E-02
16.19,9.00E-03
16.2,4.00E-03
16.21,0.00E+00
16.22,-4.00E-03
16.23,-1.00E-02
16.24,-1.50E-02
16.25,-1.90E-02
16.26,-1.90E-02
16.27,-1.70E-02
16.28,-1.60E-02
16.29,-1.30E-02
16.3,-4.00E-03
16.31,5.00E-03
16.32,1.00E-02
16.33,1.00E-02
16.34,7.00E-03
16.35,6.00E-03
16.36,6.00E-03
16.37,3.00E-03
16.38,-4.00E-03
16.39,-6.00E-03
16.4,-2.00E-03
16.41,4.00E-03
16.42,6.00E-03
16.43,1.00E-03
16.44,-6.00E-03
16.45,-9.00E-03
16.46,-6.00E-03
16.47,-2.00E-03
16.48,2.00E-03
16.49,4.00E-03
16.5,4.00E-03
16.51,5.00E-03
16.52,8.00E-03
16.53,8.00E-03
16.54,5.00E-03
16.55,4.00E-03
16.56,8.00E-03
16.57,1.40E-02
16.58,1.50E-02
16.59,1.20E-02
16.6,9.00E-03
16.61,8.00E-03
16.62,6.00E-03
16.63,2.00E-03
16.64,-1.00E-03
16.65,1.00E-03
16.66,3.00E-03
16.67,6.00E-03
16.68,6.00E-03
16.69,1.00E-03
16.7,-3.00E-03
16.71,-3.00E-03
16.72,-3.00E-03
16.73,-6.00E-03
16.74,-6.00E-03
16.75,-3.00E-03
16.76,-4.00E-03
16.77,-1.10E-02
16.78,-1.80E-02
16.79,-2.40E-02
16.8,-2.40E-02
16.81,-1.40E-02
16.82,-1.00E-03
16.83,6.00E-03
16.84,3.00E-03
16.85,-2.00E-03
16.86,-6.00E-03
16.87,-6.00E-03
16.88,-1.00E-03
16.89,5.00E-03
16.9,8.00E-03
16.91,1.00E-02
16.92,1.50E-02
16.93,2.00E-02
16.94,2.30E-02
16.95,2.20E-02
16.96,1.50E-02
16.97,7.00E-03
16.98,3.00E-03
16.99,1.00E-03
17,0.00E+00
17.01,-1.00E-03
17.02,0.00E+00
17.03,0.00E+00
17.04,-6.00E-03
17.05,-1.10E-02
17.06,-1.10E-02
17.07,-7.00E-03
17.08,-3.00E-03
17.09,-1.00E-03
17.1,-1.00E-03
17.11,0.00E+00
17.12,1.00E-03
17.13,0.00E+00
17.14,-5.00E-03
17.15,-1.10E-02
17.16,-1.20E-02
17.17,-8.00E-03
17.18,-3.00E-03
17.19,-3.00E-03
17.2,-6.00E-03
17.21,-4.00E-03
17.22,1.00E-03
17.23,1.00E-03
17.24,-2.00E-03
17.25,-3.00E-03
17.26,1.00E-03
17.27,5.00E-03
17.28,8.00E-03
17.29,9.00E-03
17.3,7.00E-03
17.31,6.00E-03
17.32,7.00E-03
17.33,8.00E-03
17.34,3.00E-03
17.35,-7.00E-03
17.36,-1.50E-02
17.37,-1.90E-02
17.38,-1.50E-02
17.39,-1.00E-02
17.4,-5.00E-03
17.41,3.00E-03
17.42,9.00E-03
17.43,1.10E-02
17.44,6.00E-03
17.45,1.00E-03
17.46,0.00E+00
17.47,0.00E+00
17.48,1.00E-03
17.49,2.00E-03
17.5,5.00E-03
17.51,4.00E-03
17.52,-2.00E-03
17.53,-7.00E-03
17.54,-1.20E-02
17.55,-1.60E-02
17.56,-1.90E-02
17.57,-2.00E-02
17.58,-2.00E-02
17.59,-1.70E-02
17.6,-9.00E-03
17.61,1.00E-03
17.62,7.00E-03
17.63,7.00E-03
17.64,4.00E-03
17.65,5.00E-03
17.66,1.00E-02
17.67,1.00E-02
17.68,6.00E-03
17.69,2.00E-03
17.7,2.00E-03
17.71,4.00E-03
17.72,3.00E-03
17.73,3.00E-03
17.74,6.00E-03
17.75,8.00E-03
17.76,1.30E-02
17.77,1.50E-02
17.78,1.30E-02
17.79,7.00E-03
17.8,2.00E-03
17.81,-2.00E-03
17.82,-8.00E-03
17.83,-1.20E-02
17.84,-1.50E-02
17.85,-1.10E-02
17.86,-5.00E-03
17.87,-2.00E-03
17.88,-8.00E-03
17.89,-1.40E-02
17.9,-7.00E-03
17.91,6.00E-03
17.92,9.00E-03
17.93,5.00E-03
17.94,1.00E-03
17.95,-3.00E-03
17.96,-4.00E-03
17.97,-1.00E-03
17.98,5.00E-03
17.99,4.00E-03
18,-1.00E-03
18.01,-2.00E-03
18.02,6.00E-03
18.03,1.40E-02
18.04,1.10E-02
18.05,6.00E-03
18.06,3.00E-03
18.07,2.00E-03
18.08,-2.00E-03
18.09,2.00E-03
18.1,8.00E-03
18.11,9.00E-03
18.12,6.00E-03
18.13,3.00E-03
18.14,3.00E-03
18.15,4.00E-03
18.16,3.00E-03
18.17,-4.00E-03
18.18,-2.00E-03
18.19,3.00E-03
18.2,1.00E-02
18.21,1.40E-02
18.22,1.20E-02
18.23,1.40E-02
18.24,1.20E-02
18.25,5.00E-03
18.26,2.00E-03
18.27,7.00E-03
18.28,1.00E-02
18.29,5.00E-03
18.3,-5.00E-03
18.31,-1.80E-02
18.32,-2.30E-02
18.33,-1.70E-02
18.34,-1.20E-02
18.35,-1.50E-02
18.36,-1.20E-02
18.37,3.00E-03
18.38,1.10E-02
18.39,1.00E-02
18.4,8.00E-03
18.41,4.00E-03
18.42,3.00E-03
18.43,0.00E+00
18.44,0.00E+00
18.45,-8.00E-03
18.46,-1.20E-02
18.47,-1.00E-03
18.48,1.30E-02
18.49,1.60E-02
18.5,9.00E-03
18.51,8.00E-03
18.52,8.00E-03
18.53,9.00E-03
18.54,6.00E-03
18.55,-3.00E-03
18.56,-9.00E-03
18.57,-2.00E-03
18.58,9.00E-03
18.59,8.00E-03
18.6,-1.00E-03
18.61,-7.00E-03
18.62,-4.00E-03
18.63,5.00E-03
18.64,1.10E-02
18.65,1.60E-02
18.66,1.30E-02
18.67,1.40E-02
18.68,1.60E-02
18.69,9.00E-03
18.7,2.00E-03
18.71,-5.00E-03
18.72,-9.00E-03
18.73,-1.10E-02
18.74,-1.20E-02
18.75,-1.50E-02
18.76,-1.70E-02
18.77,-1.40E-02
18.78,-7.00E-03
18.79,2.00E-03
18.8,8.00E-03
18.81,4.00E-03
18.82,-4.00E-03
18.83,-7.00E-03
18.84,-1.00E-03
18.85,2.00E-03
18.86,-6.00E-03
18.87,-1.50E-02
18.88,-7.00E-03
18.89,0.00E+00
18.9,-5.00E-03
18.91,-4.00E-03
18.92,7.00E-03
18.93,1.60E-02
18.94,1.20E-02
18.95,0.00E+00
18.96,-1.00E-02
18.97,-5.00E-03
18.98,3.00E-03
18.99,3.00E-03
19,-6.00E-03
19.01,-1.90E-02
19.02,-1.70E-02
19.03,-4.00E-03
19.04,9.00E-03
19.05,1.40E-02
19.06,9.00E-03
19.07,0.00E+00
19.08,0.00E+00
19.09,8.00E-03
19.1,3.00E-03
19.11,-2.00E-03
19.12,-3.00E-03
19.13,-2.00E-03
19.14,-3.00E-03
19.15,-8.00E-03
19.16,-1.00E-02
19.17,-3.00E-03
19.18,5.00E-03
19.19,1.30E-02
19.2,1.20E-02
19.21,5.00E-03
19.22,1.00E-03
19.23,2.00E-03
19.24,1.20E-02
19.25,2.10E-02
19.26,2.70E-02
19.27,2.60E-02
19.28,1.40E-02
19.29,-4.00E-03
19.3,-1.40E-02
19.31,-5.00E-03
19.32,3.00E-03
19.33,1.10E-02
19.34,2.10E-02
19.35,2.00E-02
19.36,1.50E-02
19.37,7.00E-03
19.38,-7.00E-03
19.39,-1.70E-02
19.4,-1.40E-02
19.41,-2.00E-03
19.42,7.00E-03
19.43,1.10E-02
19.44,1.40E-02
19.45,1.00E-02
19.46,5.00E-03
19.47,5.00E-03
19.48,4.00E-03
19.49,-6.00E-03
19.5,-2.20E-02
19.51,-2.70E-02
19.52,-2.30E-02
19.53,-1.90E-02
19.54,-2.10E-02
19.55,-2.90E-02
19.56,-3.90E-02
19.57,-4.20E-02
19.58,-3.30E-02
19.59,-2.10E-02
19.6,-1.90E-02
19.61,-2.10E-02
19.62,-1.40E-02
19.63,-3.00E-03
19.64,5.00E-03
19.65,1.00E-02
19.66,7.00E-03
19.67,-4.00E-03
19.68,-6.00E-03
19.69,3.00E-03
19.7,3.00E-03
19.71,-8.00E-03
19.72,-1.00E-02
19.73,8.00E-03
19.74,2.00E-02
19.75,7.00E-03
19.76,-7.00E-03
19.77,-5.00E-03
19.78,3.00E-03
19.79,0.00E+00
19.8,-9.00E-03
19.81,-7.00E-03
19.82,5.00E-03
19.83,9.00E-03
19.84,3.00E-03
19.85,1.00E-03
19.86,4.00E-03
19.87,1.00E-03
19.88,-1.10E-02
19.89,-2.10E-02
19.9,-1.90E-02
19.91,-1.00E-02
19.92,-5.00E-03
19.93,-4.00E-03
19.94,-4.00E-03
19.95,-8.00E-03
19.96,-2.00E-02
19.97,-3.00E-02
19.98,-2.40E-02
19.99,-1.00E-02
20,-5.00E-03
20.01,-9.00E-03
20.02,-8.00E-03
20.03,-6.00E-03
20.04,-1.20E-02
20.05,-1.80E-02
20.06,-2.40E-02
20.07,-3.60E-02
20.08,-4.00E-02
20.09,-2.10E-02
20.1,7.00E-03
20.11,1.60E-02
20.12,1.40E-02
20.13,2.10E-02
20.14,3.00E-02
20.15,3.80E-02
20.16,3.90E-02
20.17,2.80E-02
20.18,1.70E-02
20.19,1.60E-02
20.2,2.50E-02
20.21,2.30E-02
20.22,1.40E-02
20.23,1.50E-02
20.24,1.50E-02
20.25,4.00E-03
20.26,-1.00E-03
20.27,1.50E-02
20.28,3.90E-02
20.29,4.30E-02
20.3,3.60E-02
20.31,2.60E-02
20.32,1.30E-02
20.33,1.50E-02
20.34,2.90E-02
20.35,2.90E-02
20.36,1.50E-02
20.37,9.00E-03
20.38,9.00E-03
20.39,8.00E-03
20.4,-5.00E-03
20.41,-2.20E-02
20.42,-2.80E-02
20.43,-1.50E-02
20.44,0.00E+00
20.45,3.00E-03
20.46,-7.00E-03
20.47,-2.40E-02
20.48,-3.00E-02
20.49,-1.30E-02
20.5,1.00E-02
20.51,1.60E-02
20.52,3.00E-03
20.53,-5.00E-03
20.54,8.00E-03
20.55,2.80E-02
20.56,2.70E-02
20.57,-1.00E-03
20.58,-1.80E-02
20.59,0.00E+00
20.6,2.00E-02
20.61,2.00E-02
20.62,1.20E-02
20.63,8.00E-03
20.64,9.00E-03
20.65,1.20E-02
20.66,1.90E-02
20.67,2.30E-02
20.68,2.30E-02
20.69,2.00E-02
20.7,1.70E-02
20.71,1.30E-02
20.72,1.70E-02
20.73,2.40E-02
20.74,2.90E-02
20.75,3.50E-02
20.76,3.70E-02
20.77,2.90E-02
20.78,1.10E-02
20.79,-2.00E-03
20.8,2.00E-03
20.81,-4.00E-03
20.82,-2.10E-02
20.83,-3.00E-02
20.84,-1.90E-02
20.85,5.00E-03
20.86,1.20E-02
20.87,-2.00E-03
20.88,7.00E-03
20.89,2.00E-02
20.9,1.60E-02
20.91,-3.00E-03
20.92,-1.00E-02
20.93,5.00E-03
20.94,1.30E-02
20.95,6.00E-03
20.96,-8.00E-03
20.97,-2.00E-02
20.98,-3.10E-02
20.99,-4.20E-02
21,-5.70E-02
21.01,-5.90E-02
21.02,-4.20E-02
21.03,-2.60E-02
21.04,-5.00E-03
21.05,3.00E-03
21.06,-8.00E-03
21.07,-4.00E-03
21.08,1.70E-02
21.09,3.20E-02
21.1,2.40E-02
21.11,1.00E-03
21.12,-8.00E-03
21.13,1.00E-03
21.14,1.40E-02
21.15,1.80E-02
21.16,1.00E-02
21.17,-2.00E-03
21.18,-4.00E-03
21.19,2.00E-03
21.2,2.00E-03
21.21,-3.00E-03
21.22,-1.00E-02
21.23,-1.50E-02
21.24,-1.40E-02
21.25,0.00E+00
21.26,-5.00E-03
21.27,-3.20E-02
21.28,-2.60E-02
21.29,4.00E-03
21.3,2.20E-02
21.31,1.20E-02
21.32,-2.00E-03
21.33,3.00E-03
21.34,6.00E-03
21.35,-1.00E-03
21.36,-1.90E-02
21.37,-2.00E-02
21.38,-1.30E-02
21.39,-7.00E-03
21.4,5.00E-03
21.41,2.20E-02
21.42,2.30E-02
21.43,6.00E-03
21.44,-6.00E-03
21.45,-7.00E-03
21.46,0.00E+00
21.47,4.00E-03
21.48,8.00E-03
21.49,1.20E-02
21.5,9.00E-03
21.51,1.20E-02
21.52,1.80E-02
21.53,1.80E-02
21.54,8.00E-03
21.55,-5.00E-03
21.56,-1.50E-02
21.57,-2.40E-02
21.58,-2.40E-02
21.59,-2.50E-02
21.6,-3.10E-02
21.61,-4.50E-02
21.62,-3.60E-02
21.63,-1.60E-02
21.64,-9.00E-03
21.65,-1.10E-02
21.66,-1.20E-02
21.67,-7.00E-03
21.68,-2.00E-03
21.69,-3.00E-03
21.7,-4.00E-03
21.71,0.00E+00
21.72,-5.00E-03
21.73,-1.90E-02
21.74,-1.10E-02
21.75,-2.00E-03
21.76,-7.00E-03
21.77,-9.00E-03
21.78,-1.10E-02
21.79,-1.00E-02
21.8,-7.00E-03
21.81,-4.00E-03
21.82,-3.00E-03
21.83,-7.00E-03
21.84,-1.00E-03
21.85,1.00E-02
21.86,1.20E-02
21.87,1.00E-02
21.88,6.00E-03
21.89,3.00E-03
21.9,3.00E-03
21.91,3.00E-03
21.92,9.00E-03
21.93,1.10E-02
21.94,1.10E-02
21.95,1.30E-02
21.96,2.10E-02
21.97,1.60E-02
21.98,0.00E+00
21.99,-8.00E-03
22,0.00E+00
22.01,9.00E-03
22.02,7.00E-03
22.03,3.00E-03
22.04,0.00E+00
22.05,-1.10E-02
22.06,-1.70E-02
22.07,-2.00E-03
22.08,1.20E-02
22.09,1.00E-02
22.1,5.00E-03
22.11,9.00E-03
22.12,1.50E-02
22.13,1.50E-02
22.14,1.30E-02
22.15,1.20E-02
22.16,3.00E-03
22.17,-5.00E-03
22.18,-8.00E-03
22.19,-1.20E-02
22.2,-1.10E-02
22.21,-6.00E-03
22.22,-6.00E-03
22.23,-5.00E-03
22.24,8.00E-03
22.25,1.80E-02
22.26,1.90E-02
22.27,2.20E-02
22.28,3.20E-02
22.29,3.60E-02
22.3,2.90E-02
22.31,2.30E-02
22.32,2.10E-02
22.33,1.60E-02
22.34,8.00E-03
22.35,6.00E-03
22.36,1.60E-02
22.37,2.60E-02
22.38,2.10E-02
22.39,7.00E-03
22.4,-6.00E-03
22.41,-1.80E-02
22.42,-1.80E-02
22.43,-8.00E-03
22.44,2.00E-03
22.45,6.00E-03
22.46,2.00E-03
22.47,1.00E-03
22.48,1.00E-02
22.49,1.50E-02
22.5,2.00E-03
22.51,-1.80E-02
22.52,-1.70E-02
22.53,0.00E+00
22.54,6.00E-03
22.55,0.00E+00
22.56,1.00E-03
22.57,8.00E-03
22.58,7.00E-03
22.59,1.00E-03
22.6,5.00E-03
22.61,2.00E-02
22.62,2.50E-02
22.63,1.90E-02
22.64,1.10E-02
22.65,8.00E-03
22.66,4.00E-03
22.67,-3.00E-03
22.68,-6.00E-03
22.69,-1.10E-02
22.7,-4.00E-03
22.71,1.00E-03
22.72,1.00E-03
22.73,1.20E-02
22.74,2.60E-02
22.75,2.80E-02
22.76,2.30E-02
22.77,1.50E-02
22.78,1.20E-02
22.79,1.60E-02
22.8,2.00E-02
22.81,1.20E-02
22.82,0.00E+00
22.83,-5.00E-03
22.84,-9.00E-03
22.85,-1.70E-02
22.86,-2.00E-02
22.87,-9.00E-03
22.88,-9.00E-03
22.89,-7.00E-03
22.9,1.70E-02
22.91,3.50E-02
22.92,3.00E-02
22.93,2.40E-02
22.94,1.60E-02
22.95,8.00E-03
22.96,1.00E-03
22.97,9.00E-03
22.98,2.60E-02
22.99,4.40E-02
23,4.50E-02
23.01,2.50E-02
23.02,1.10E-02
23.03,2.00E-03
23.04,-8.00E-03
23.05,0.00E+00
23.06,1.40E-02
23.07,1.30E-02
23.08,1.00E-02
23.09,2.10E-02
23.1,1.90E-02
23.11,1.10E-02
23.12,4.00E-03
23.13,-7.00E-03
23.14,-3.00E-03
23.15,1.00E-03
23.16,-1.00E-03
23.17,-5.00E-03
23.18,0.00E+00
23.19,6.00E-03
23.2,2.00E-03
23.21,0.00E+00
23.22,-5.00E-03
23.23,-1.20E-02
23.24,-2.00E-02
23.25,-2.50E-02
23.26,-3.20E-02
23.27,-3.70E-02
23.28,-2.90E-02
23.29,-1.20E-02
23.3,-6.00E-03
23.31,1.00E-03
23.32,8.00E-03
23.33,3.00E-03
23.34,-2.00E-03
23.35,1.00E-03
23.36,-1.00E-03
23.37,-1.20E-02
23.38,-2.20E-02
23.39,-2.10E-02
23.4,-1.00E-02
23.41,-3.00E-03
23.42,4.00E-03
23.43,6.00E-03
23.44,0.00E+00
23.45,5.00E-03
23.46,1.20E-02
23.47,1.30E-02
23.48,1.20E-02
23.49,1.60E-02
23.5,2.50E-02
23.51,2.80E-02
23.52,2.80E-02
23.53,6.00E-03
23.54,-2.60E-02
23.55,-1.70E-02
23.56,-3.00E-03
23.57,-1.20E-02
23.58,-1.30E-02
23.59,0.00E+00
23.6,1.60E-02
23.61,1.80E-02
23.62,1.10E-02
23.63,5.00E-03
23.64,1.50E-02
23.65,2.70E-02
23.66,3.30E-02
23.67,3.30E-02
23.68,2.10E-02
23.69,4.00E-03
23.7,-1.40E-02
23.71,-3.50E-02
23.72,-4.70E-02
23.73,-5.00E-02
23.74,-3.90E-02
23.75,-1.60E-02
23.76,-2.90E-02
23.77,-2.50E-02
23.78,1.40E-02
23.79,3.00E-02
23.8,2.20E-02
23.81,1.00E-02
23.82,-5.00E-03
23.83,-1.50E-02
23.84,-1.70E-02
23.85,-9.00E-03
23.86,3.00E-03
23.87,5.00E-03
23.88,9.00E-03
23.89,7.00E-03
23.9,-7.00E-03
23.91,-3.60E-02
23.92,-4.80E-02
23.93,-2.70E-02
23.94,-1.20E-02
23.95,-1.50E-02
23.96,3.00E-03
23.97,2.10E-02
23.98,8.00E-03
23.99,-2.00E-03
24,-3.70E-02
24.01,-5.10E-02
24.02,-4.40E-02
24.03,-3.20E-02
24.04,-1.60E-02
24.05,5.00E-03
24.06,1.30E-02
24.07,1.30E-02
24.08,1.50E-02
24.09,8.00E-03
24.1,-6.00E-03
24.11,-1.60E-02
24.12,-3.00E-03
24.13,1.90E-02
24.14,2.60E-02
24.15,2.00E-02
24.16,-5.00E-03
24.17,-3.30E-02
24.18,-5.40E-02
24.19,-6.50E-02
24.2,-6.70E-02
24.21,-5.80E-02
24.22,-3.90E-02
24.23,-8.00E-03
24.24,-3.00E-03
24.25,-6.00E-03
24.26,-1.00E-02
24.27,-7.00E-03
24.28,1.00E-03
24.29,-7.00E-03
24.3,-1.80E-02
24.31,-2.20E-02
24.32,-1.30E-02
24.33,-8.00E-03
24.34,-1.60E-02
24.35,-2.90E-02
24.36,-3.50E-02
24.37,-3.10E-02
24.38,-2.90E-02
24.39,-4.30E-02
24.4,-6.20E-02
24.41,-4.10E-02
24.42,-4.00E-03
24.43,1.60E-02
24.44,3.80E-02
24.45,1.70E-02
24.46,-9.00E-03
24.47,5.00E-03
24.48,1.10E-02
24.49,1.80E-02
24.5,2.20E-02
24.51,4.20E-02
24.52,4.00E-02
24.53,1.90E-02
24.54,-5.00E-03
24.55,-3.40E-02
24.56,-5.70E-02
24.57,-1.70E-02
24.58,-6.00E-03
24.59,-1.80E-02
24.6,2.40E-02
24.61,4.40E-02
24.62,4.50E-02
24.63,2.00E-02
24.64,2.30E-02
24.65,2.60E-02
24.66,1.30E-02
24.67,-6.00E-03
24.68,-2.80E-02
24.69,-8.00E-03
24.7,3.10E-02
24.71,4.60E-02
24.72,1.40E-02
24.73,-6.00E-03
24.74,-3.10E-02
24.75,-7.60E-02
24.76,-8.00E-02
24.77,-6.60E-02
24.78,-5.10E-02
24.79,-4.20E-02
24.8,-7.00E-03
24.81,2.10E-02
24.82,5.00E-03
24.83,-1.00E-02
24.84,-7.00E-03
24.85,-7.00E-03
24.86,-1.80E-02
24.87,-3.60E-02
24.88,-1.30E-02
24.89,1.70E-02
24.9,3.90E-02
24.91,3.00E-02
24.92,3.70E-02
24.93,2.80E-02
24.94,1.70E-02
24.95,2.30E-02
24.96,3.00E-03
24.97,-3.10E-02
24.98,-4.20E-02
24.99,-3.80E-02
25,-5.30E-02
25.01,-3.50E-02
25.02,0.00E+00
25.03,1.00E-02
25.04,1.40E-02
25.05,-1.50E-02
25.06,-1.60E-02
25.07,3.70E-02
25.08,3.30E-02
25.09,2.80E-02
25.1,2.50E-02
25.11,1.50E-02
25.12,1.80E-02
25.13,2.60E-02
25.14,2.40E-02
25.15,1.80E-02
25.16,1.80E-02
25.17,5.00E-03
25.18,-4.00E-03
25.19,-1.80E-02
25.2,-9.00E-03
25.21,2.10E-02
25.22,2.20E-02
25.23,-2.80E-02
25.24,-7.70E-02
25.25,-4.30E-02
25.26,2.10E-02
25.27,3.60E-02
25.28,2.70E-02
25.29,3.50E-02
25.3,-1.00E-03
25.31,-2.80E-02
25.32,-5.00E-03
25.33,2.00E-02
25.34,9.00E-03
25.35,4.00E-03
25.36,5.00E-03
25.37,-4.00E-03
25.38,1.30E-02
25.39,2.80E-02
25.4,2.20E-02
25.41,2.20E-02
25.42,2.60E-02
25.43,5.00E-03
25.44,0.00E+00
25.45,-3.30E-02
25.46,-3.80E-02
25.47,-3.40E-02
25.48,-3.40E-02
25.49,-1.10E-02
25.5,1.40E-02
25.51,3.00E-02
25.52,3.00E-02
25.53,3.80E-02
25.54,3.80E-02
25.55,1.20E-02
25.56,-2.20E-02
25.57,-1.00E-02
25.58,1.50E-02
25.59,1.10E-02
25.6,1.00E-03
25.61,2.00E-02
25.62,2.20E-02
25.63,1.80E-02
25.64,9.00E-03
25.65,1.30E-02
25.66,1.60E-02
25.67,2.60E-02
25.68,2.40E-02
25.69,4.00E-03
25.7,-1.60E-02
25.71,-1.50E-02
25.72,-1.50E-02
25.73,-2.30E-02
25.74,-8.00E-03
25.75,-4.70E-02
25.76,-6.10E-02
25.77,-1.90E-02
25.78,-2.00E-03
25.79,0.00E+00
25.8,1.80E-02
25.81,-1.00E-03
25.82,-8.00E-03
25.83,-1.80E-02
25.84,-3.70E-02
25.85,-2.60E-02
25.86,-2.10E-02
25.87,-1.40E-02
25.88,1.00E-03
25.89,2.10E-02
25.9,3.60E-02
25.91,2.60E-02
25.92,8.00E-03
25.93,3.00E-03
25.94,-4.70E-02
25.95,-6.40E-02
25.96,-5.20E-02
25.97,-2.30E-02
25.98,2.20E-02
25.99,2.00E-03
26,-1.50E-02
26.01,9.00E-03
26.02,2.10E-02
26.03,7.00E-03
26.04,6.00E-03
26.05,-5.00E-03
26.06,1.20E-02
26.07,-1.60E-02
26.08,-4.70E-02
26.09,-1.60E-02
26.1,-2.40E-02
26.11,-3.00E-02
26.12,-2.80E-02
26.13,-1.00E-03
26.14,-1.70E-02
26.15,-4.20E-02
26.16,-5.70E-02
26.17,-5.70E-02
26.18,-7.40E-02
26.19,-6.90E-02
26.2,-6.80E-02
26.21,-4.80E-02
26.22,-1.30E-02
26.23,-3.40E-02
26.24,-5.10E-02
26.25,-3.00E-02
26.26,-3.30E-02
26.27,-4.00E-02
26.28,-2.70E-02
26.29,-1.50E-02
26.3,1.50E-02
26.31,2.00E-03
26.32,-1.50E-02
26.33,2.30E-02
26.34,3.90E-02
26.35,3.70E-02
26.36,2.30E-02
26.37,1.90E-02
26.38,1.30E-02
26.39,3.00E-03
26.4,-4.00E-03
26.41,-2.70E-02
26.42,-4.20E-02
26.43,-4.80E-02
26.44,-2.70E-02
26.45,-5.00E-03
26.46,-2.30E-02
26.47,-2.80E-02
26.48,2.40E-02
26.49,3.90E-02
26.5,1.20E-02
26.51,1.70E-02
26.52,2.50E-02
26.53,1.10E-02
26.54,-9.00E-03
26.55,-3.10E-02
26.56,-2.60E-02
26.57,4.00E-03
26.58,2.40E-02
26.59,2.60E-02
26.6,9.00E-03
26.61,-1.10E-02
26.62,-2.80E-02
26.63,-3.70E-02
26.64,-4.80E-02
26.65,-5.20E-02
26.66,-2.90E-02
26.67,1.30E-02
26.68,3.20E-02
26.69,3.70E-02
26.7,3.70E-02
26.71,3.10E-02
26.72,4.00E-03
26.73,-4.00E-03
26.74,1.00E-03
26.75,9.00E-03
26.76,2.80E-02
26.77,3.00E-02
26.78,3.90E-02
26.79,3.60E-02
26.8,4.90E-02
26.81,6.80E-02
26.82,5.90E-02
26.83,2.60E-02
26.84,-2.00E-03
26.85,-1.30E-02
26.86,-1.00E-02
26.87,-1.30E-02
26.88,-2.50E-02
26.89,-2.90E-02
26.9,-1.80E-02
26.91,-6.00E-03
26.92,-1.40E-02
26.93,-2.70E-02
26.94,-2.30E-02
26.95,-1.70E-02
26.96,-7.00E-03
26.97,-6.00E-03
26.98,-8.00E-03
26.99,-6.00E-03
27,-1.00E-03
27.01,-3.00E-03
27.02,-1.00E-03
27.03,9.00E-03
27.04,6.00E-03
27.05,-1.20E-02
27.06,-2.10E-02
27.07,-2.30E-02
27.08,-2.00E-02
27.09,-1.90E-02
27.1,-1.60E-02
27.11,-1.80E-02
27.12,-1.90E-02
27.13,-1.60E-02
27.14,-3.00E-03
27.15,1.10E-02
27.16,0.00E+00
27.17,-1.30E-02
27.18,-8.00E-03
27.19,5.00E-03
27.2,7.00E-03
27.21,-5.00E-03
27.22,-4.00E-03
27.23,7.00E-03
27.24,1.40E-02
27.25,2.00E-02
27.26,1.90E-02
27.27,1.10E-02
27.28,2.00E-03
27.29,7.00E-03
27.3,2.00E-02
27.31,3.00E-02
27.32,2.70E-02
27.33,2.00E-02
27.34,1.80E-02
27.35,2.20E-02
27.36,1.60E-02
27.37,4.00E-03
27.38,-3.00E-03
27.39,-4.00E-03
27.4,-7.00E-03
27.41,-1.00E-02
27.42,-1.10E-02
27.43,-9.00E-03
27.44,-7.00E-03
27.45,-5.00E-03
27.46,-7.00E-03
27.47,-1.70E-02
27.48,-2.40E-02
27.49,-2.20E-02
27.5,-1.30E-02
27.51,0.00E+00
27.52,1.30E-02
27.53,1.30E-02
27.54,2.00E-03
27.55,-1.20E-02
27.56,-2.10E-02
27.57,-2.10E-02
27.58,-2.30E-02
27.59,-2.70E-02
27.6,-2.30E-02
27.61,-1.20E-02
27.62,-1.00E-03
27.63,-1.00E-03
27.64,-3.00E-03
27.65,-6.00E-03
27.66,-9.00E-03
27.67,-8.00E-03
27.68,-6.00E-03
27.69,-2.00E-03
27.7,1.00E-03
27.71,1.00E-03
27.72,1.00E-03
27.73,-1.00E-03
27.74,-1.00E-03
27.75,-5.00E-03
27.76,-1.60E-02
27.77,-2.40E-02
27.78,-3.60E-02
27.79,-5.00E-02
27.8,-5.00E-02
27.81,-4.00E-02
27.82,-2.60E-02
27.83,-2.00E-03
27.84,-1.00E-03
27.85,-1.70E-02
27.86,-7.00E-03
27.87,-4.00E-03
27.88,-3.10E-02
27.89,-4.60E-02
27.9,-1.30E-02
27.91,1.20E-02
27.92,5.00E-03
27.93,1.10E-02
27.94,1.90E-02
27.95,4.00E-03
27.96,-3.00E-03
27.97,1.00E-03
27.98,-7.00E-03
27.99,-1.90E-02
28,-2.20E-02
28.01,-1.00E-02
28.02,1.80E-02
28.03,2.70E-02
28.04,1.80E-02
28.05,1.50E-02
28.06,1.50E-02
28.07,4.00E-03
28.08,-1.10E-02
28.09,-1.50E-02
28.1,0.00E+00
28.11,7.00E-03
28.12,1.10E-02
28.13,1.50E-02
28.14,1.30E-02
28.15,6.00E-03
28.16,-1.00E-03
28.17,6.00E-03
28.18,2.00E-03
28.19,5.00E-03
28.2,2.10E-02
28.21,2.80E-02
28.22,1.00E-02
28.23,-1.50E-02
28.24,-1.50E-02
28.25,1.10E-02
28.26,-5.00E-03
28.27,-4.90E-02
28.28,-5.20E-02
28.29,-1.80E-02
28.3,2.00E-03
28.31,-7.00E-03
28.32,-3.00E-02
28.33,-1.00E-02
28.34,5.90E-02
28.35,7.30E-02
28.36,-8.00E-03
28.37,-6.50E-02
28.38,-6.20E-02
28.39,-1.90E-02
28.4,2.10E-02
28.41,3.20E-02
28.42,5.00E-03
28.43,-1.80E-02
28.44,-2.90E-02
28.45,-1.50E-02
28.46,6.00E-03
28.47,-1.30E-02
28.48,-5.70E-02
28.49,-5.20E-02
28.5,1.00E-03
28.51,3.20E-02
28.52,-2.00E-03
28.53,-4.10E-02
28.54,-3.00E-03
28.55,7.50E-02
28.56,1.10E-01
28.57,5.30E-02
28.58,-2.40E-02
28.59,-2.40E-02
28.6,2.60E-02
28.61,3.90E-02
28.62,6.00E-03
28.63,-5.00E-03
28.64,1.40E-02
28.65,-5.00E-03
28.66,-3.60E-02
28.67,-1.90E-02
28.68,4.00E-02
28.69,4.70E-02
28.7,8.00E-03
28.71,-2.30E-02
28.72,-3.00E-02
28.73,-3.00E-02
28.74,3.00E-03
28.75,2.70E-02
28.76,3.10E-02
28.77,6.00E-03
28.78,-4.10E-02
28.79,-5.80E-02
28.8,-2.00E-02
28.81,4.60E-02
28.82,8.00E-02
28.83,7.00E-02
28.84,2.50E-02
28.85,-1.30E-02
28.86,-2.30E-02
28.87,-3.10E-02
28.88,-3.20E-02
28.89,-3.30E-02
28.9,-5.20E-02
28.91,-6.90E-02
28.92,-4.20E-02
28.93,8.00E-03
28.94,5.20E-02
28.95,8.70E-02
28.96,8.90E-02
28.97,7.10E-02
28.98,5.70E-02
28.99,4.70E-02
29,3.30E-02
29.01,2.00E-02
29.02,1.00E-03
29.03,1.10E-02
29.04,4.10E-02
29.05,5.50E-02
29.06,3.90E-02
29.07,7.00E-03
29.08,3.00E-03
29.09,2.10E-02
29.1,1.70E-02
29.11,3.60E-02
29.12,6.70E-02
29.13,9.40E-02
29.14,1.28E-01
29.15,1.60E-01
29.16,1.74E-01
29.17,1.81E-01
29.18,1.71E-01
29.19,1.65E-01
29.2,1.74E-01
29.21,1.72E-01
29.22,1.67E-01
29.23,1.63E-01
29.24,1.74E-01
29.25,1.75E-01
29.26,1.69E-01
29.27,1.66E-01
29.28,1.51E-01
29.29,1.34E-01
29.3,1.16E-01
29.31,8.10E-02
29.32,2.80E-02
29.33,-1.70E-02
29.34,-3.10E-02
29.35,-3.00E-02
29.36,-2.10E-02
29.37,-1.20E-02
29.38,4.00E-03
29.39,2.80E-02
29.4,4.60E-02
29.41,2.50E-02
29.42,-6.60E-02
29.43,-2.50E-01
29.44,-3.61E-01
29.45,-2.31E-01
29.46,-1.89E-01
29.47,-1.23E-01
29.48,-7.30E-02
29.49,-6.40E-02
29.5,-7.90E-02
29.51,-1.82E-01
29.52,-5.90E-02
29.53,-1.38E-01
29.54,-6.40E-02
29.55,-1.20E-01
29.56,-7.10E-02
29.57,-6.60E-02
29.58,-4.60E-02
29.59,-3.80E-02
29.6,-4.30E-02
29.61,-1.60E-02
29.62,-5.00E-03
29.63,1.20E-02
29.64,-1.40E-02
29.65,-9.00E-03
29.66,1.70E-02
29.67,1.40E-02
29.68,1.20E-02
29.69,1.40E-02
29.7,1.60E-02
29.71,9.00E-03
29.72,-6.00E-03
29.73,-2.40E-02
29.74,-7.00E-02
29.75,-1.08E-01
29.76,-6.30E-02
29.77,3.40E-02
29.78,5.70E-02
29.79,-5.60E-02
29.8,-2.10E-01
29.81,-3.00E-01
29.82,-1.51E-01
29.83,-6.00E-03
29.84,1.21E-01
29.85,6.90E-02
29.86,3.90E-02
29.87,1.20E-02
29.88,4.40E-02
29.89,1.03E-01
29.9,7.80E-02
29.91,6.50E-02
29.92,3.80E-02
29.93,1.30E-02
29.94,-1.40E-02
29.95,-1.00E-02
29.96,-1.20E-02
29.97,-3.00E-03
29.98,7.00E-03
29.99,-7.00E-03
30,-3.00E-02
30.01,-4.80E-02
30.02,-4.30E-02
30.03,-3.20E-02
30.04,-1.00E-02
30.05,3.60E-02
30.06,4.60E-02
30.07,3.30E-02
30.08,4.00E-02
30.09,4.70E-02
30.1,4.00E-02
30.11,1.80E-02
30.12,0.00E+00
30.13,4.00E-03
30.14,2.10E-02
30.15,5.60E-02
30.16,9.30E-02
30.17,1.04E-01
30.18,9.20E-02
30.19,7.00E-02
30.2,4.20E-02
30.21,3.80E-02
30.22,4.80E-02
30.23,4.90E-02
30.24,2.50E-02
30.25,0.00E+00
30.26,-4.00E-03
30.27,2.10E-02
30.28,2.90E-02
30.29,2.90E-02
30.3,2.50E-02
30.31,3.20E-02
30.32,3.40E-02
30.33,3.00E-02
30.34,2.00E-02
30.35,1.30E-02
30.36,2.00E-03
30.37,1.00E-02
30.38,4.30E-02
30.39,6.10E-02
30.4,3.80E-02
30.41,1.10E-02
30.42,1.00E-02
30.43,1.20E-02
30.44,9.00E-03
30.45,-6.00E-03
30.46,-2.90E-02
30.47,-3.70E-02
30.48,-1.80E-02
30.49,1.60E-02
30.5,5.30E-02
30.51,7.00E-02
30.52,5.40E-02
30.53,2.30E-02
30.54,3.00E-03
30.55,0.00E+00
30.56,1.20E-02
30.57,1.50E-02
30.58,3.00E-03
30.59,-1.30E-02
30.6,-1.60E-02
30.61,-1.70E-02
30.62,-1.60E-02
30.63,-2.80E-02
30.64,-3.00E-02
30.65,-2.00E-02
30.66,-2.20E-02
30.67,-3.90E-02
30.68,-5.60E-02
30.69,-5.20E-02
30.7,-2.00E-02
30.71,5.00E-03
30.72,-5.00E-03
30.73,-4.30E-02
30.74,-3.20E-02
30.75,1.80E-02
30.76,5.00E-02
30.77,2.50E-02
30.78,-1.00E-03
30.79,-4.00E-03
30.8,5.00E-03
30.81,9.00E-03
30.82,1.40E-02
30.83,5.00E-03
30.84,-4.00E-03
30.85,1.00E-03
30.86,8.00E-03
30.87,1.20E-02
30.88,9.00E-03
30.89,-3.00E-03
30.9,-2.00E-02
30.91,-4.00E-02
30.92,-4.70E-02
30.93,-3.10E-02
30.94,-1.20E-02
30.95,-6.00E-03
30.96,-4.00E-03
30.97,5.00E-03
30.98,9.00E-03
30.99,2.00E-03
31,2.00E-03
31.01,5.00E-03
31.02,-5.00E-03
31.03,-2.30E-02
31.04,-3.60E-02
31.05,-4.50E-02
31.06,-4.30E-02
31.07,-3.00E-02
31.08,1.00E-02
31.09,2.40E-02
31.1,1.40E-02
31.11,-4.00E-03
31.12,1.00E-03
31.13,1.20E-02
31.14,0.00E+00
31.15,-1.40E-02
31.16,-2.90E-02
31.17,-2.20E-02
31.18,-1.20E-02
31.19,-1.20E-02
31.2,-6.00E-03
31.21,-1.30E-02
31.22,-1.30E-02
31.23,-1.20E-02
31.24,-7.00E-03
31.25,-1.60E-02
31.26,-1.80E-02
31.27,-4.20E-02
31.28,-5.20E-02
31.29,-1.40E-02
31.3,-1.30E-02
31.31,-1.40E-02
31.32,-2.00E-03
31.33,1.10E-02
31.34,2.00E-03
31.35,-2.20E-02
31.36,-1.60E-02
31.37,1.30E-02
31.38,1.70E-02
31.39,1.20E-02
31.4,1.00E-03
31.41,8.00E-03
31.42,2.40E-02
31.43,3.60E-02
31.44,2.20E-02
31.45,-2.30E-02
31.46,-4.90E-02
31.47,-4.80E-02
31.48,-3.50E-02
31.49,-3.90E-02
31.5,-6.70E-02
31.51,-8.00E-02
31.52,-5.60E-02
31.53,-1.50E-02
31.54,3.60E-02
31.55,1.50E-02
31.56,2.80E-02
31.57,6.40E-02
31.58,6.40E-02
31.59,5.50E-02
31.6,3.40E-02
31.61,2.90E-02
31.62,3.20E-02
31.63,3.60E-02
31.64,5.40E-02
31.65,5.70E-02
31.66,5.90E-02
31.67,5.30E-02
31.68,3.80E-02
31.69,9.60E-02
31.7,1.03E-01
31.71,4.00E-02
31.72,3.20E-02
31.73,2.60E-02
31.74,1.40E-02
31.75,4.90E-02
31.76,-8.20E-02
31.77,-1.38E-01
31.78,-1.90E-01
31.79,4.50E-02
31.8,1.49E-01
31.81,-1.00E-03
31.82,3.30E-02
31.83,-4.70E-02
31.84,6.00E-02
31.85,8.50E-02
31.86,8.50E-02
31.87,7.10E-02
31.88,8.20E-02
31.89,5.00E-02
31.9,3.60E-02
31.91,3.20E-02
31.92,1.50E-02
31.93,3.20E-02
31.94,2.40E-02
31.95,2.00E-02
31.96,-3.00E-03
31.97,-4.50E-02
31.98,-8.70E-02
31.99,-9.50E-02
32,6.20E-02
32.01,-2.00E-02
32.02,-4.90E-02
32.03,-2.80E-02
32.04,-7.00E-03
32.05,4.00E-03
32.06,-6.00E-03
32.07,1.00E-03
32.08,3.00E-03
32.09,4.80E-02
32.1,2.00E-02
32.11,-9.00E-03
32.12,-2.90E-02
32.13,1.30E-02
32.14,2.10E-02
32.15,1.20E-02
32.16,1.00E-02
32.17,6.00E-03
32.18,1.60E-02
32.19,6.00E-03
32.2,-7.00E-03
32.21,-3.10E-02
32.22,-4.60E-02
32.23,-3.80E-02
32.24,-3.00E-03
32.25,1.40E-02
32.26,-3.40E-02
32.27,-1.41E-01
32.28,-1.79E-01
32.29,-1.56E-01
32.3,-6.10E-02
32.31,4.20E-02
32.32,-8.00E-03
32.33,2.90E-02
32.34,2.20E-02
32.35,2.50E-02
32.36,3.20E-02
32.37,7.00E-03
32.38,-1.70E-02
32.39,-2.10E-02
32.4,-1.90E-02
32.41,-3.10E-02
32.42,-2.40E-02
32.43,-1.40E-02
32.44,1.90E-02
32.45,2.90E-02
32.46,4.00E-03
32.47,-1.40E-02
32.48,-2.30E-02
32.49,-1.70E-02
32.5,-1.00E-02
32.51,-4.50E-02
32.52,-4.90E-02
32.53,-3.80E-02
32.54,-1.00E-02
32.55,5.00E-03
32.56,1.30E-02
32.57,1.20E-02
32.58,2.10E-02
32.59,1.80E-02
32.6,1.20E-02
32.61,1.30E-02
32.62,1.20E-02
32.63,-2.40E-02
32.64,-5.40E-02
32.65,-5.50E-02
32.66,-2.50E-02
32.67,1.00E-02
32.68,2.90E-02
32.69,1.00E-02
32.7,-8.00E-03
32.71,2.00E-03
32.72,3.70E-02
32.73,7.10E-02
32.74,2.30E-02
32.75,-3.70E-02
32.76,-4.10E-02
32.77,2.00E-02
32.78,7.40E-02
32.79,8.60E-02
32.8,5.60E-02
32.81,7.30E-02
32.82,7.50E-02
32.83,5.80E-02
32.84,2.80E-02
32.85,4.00E-03
32.86,-8.00E-03
32.87,-1.40E-02
32.88,-1.10E-02
32.89,2.00E-03
32.9,1.40E-02
32.91,3.00E-02
32.92,3.70E-02
32.93,1.90E-02
32.94,-2.00E-03
32.95,-9.00E-03
32.96,-7.00E-03
32.97,-1.20E-02
32.98,-2.10E-02
32.99,-1.90E-02
33,-1.10E-02
33.01,8.00E-03
33.02,1.40E-02
33.03,1.70E-02
33.04,2.60E-02
33.05,2.70E-02
33.06,2.10E-02
33.07,1.00E-02
33.08,-2.00E-03
33.09,-1.00E-02
33.1,-1.50E-02
33.11,-2.30E-02
33.12,-2.60E-02
33.13,-2.00E-02
33.14,-3.00E-03
33.15,1.20E-02
33.16,2.10E-02
33.17,2.00E-02
33.18,1.10E-02
33.19,-2.00E-03
33.2,-1.10E-02
33.21,-9.00E-03
33.22,-8.00E-03
33.23,-2.70E-02
33.24,-3.30E-02
33.25,-2.10E-02
33.26,-4.00E-03
33.27,5.00E-03
33.28,6.00E-03
33.29,1.50E-02
33.3,2.40E-02
33.31,2.40E-02
33.32,1.60E-02
33.33,1.20E-02
33.34,1.50E-02
33.35,1.70E-02
33.36,2.10E-02
33.37,1.90E-02
33.38,1.40E-02
33.39,2.40E-02
33.4,4.70E-02
33.41,4.60E-02
33.42,3.60E-02
33.43,1.50E-02
33.44,-9.00E-03
33.45,-2.00E-02
33.46,-1.30E-02
33.47,5.00E-03
33.48,1.10E-02
33.49,-4.90E-02
33.5,-1.51E-01
33.51,-7.40E-02
33.52,8.40E-02
33.53,4.10E-02
33.54,2.10E-02
33.55,3.90E-02
33.56,7.10E-02
33.57,7.60E-02
33.58,4.70E-02
33.59,3.10E-02
33.6,3.10E-02
33.61,1.80E-02
33.62,-5.00E-03
33.63,-1.30E-02
33.64,-2.20E-02
33.65,-2.70E-02
33.66,-2.50E-02
33.67,-5.00E-03
33.68,1.50E-02
33.69,2.80E-02
33.7,2.50E-02
33.71,3.00E-03
33.72,-1.60E-02
33.73,-1.40E-02
33.74,0.00E+00
33.75,7.00E-03
33.76,3.00E-03
33.77,-7.00E-03
33.78,-1.20E-02
33.79,-1.60E-02
33.8,-2.50E-02
33.81,-3.10E-02
33.82,-3.50E-02
33.83,-3.10E-02
33.84,-2.00E-02
33.85,-9.00E-03
33.86,1.00E-03
33.87,-2.00E-03
33.88,-8.00E-03
33.89,-9.00E-03
33.9,-1.10E-02
33.91,-1.10E-02
33.92,-1.50E-02
33.93,-1.80E-02
33.94,-2.40E-02
33.95,-2.50E-02
33.96,-2.00E-02
33.97,-1.60E-02
33.98,-1.40E-02
33.99,-1.10E-02
34,-8.00E-03
34.01,-3.00E-03
34.02,-2.00E-03
34.03,2.00E-03
34.04,8.00E-03
34.05,1.10E-02
34.06,1.30E-02
34.07,2.20E-02
34.08,3.50E-02
34.09,3.80E-02
34.1,2.60E-02
34.11,1.10E-02
34.12,8.00E-03
34.13,1.30E-02
34.14,8.00E-03
34.15,-5.00E-03
34.16,-1.30E-02
34.17,-1.40E-02
34.18,-1.30E-02
34.19,-1.60E-02
34.2,-2.30E-02
34.21,-2.70E-02
34.22,-2.70E-02
34.23,-1.70E-02
34.24,-7.00E-03
34.25,3.00E-03
34.26,8.00E-03
34.27,1.70E-02
34.28,2.30E-02
34.29,2.00E-02
34.3,9.00E-03
34.31,-1.00E-03
34.32,-9.00E-03
34.33,-8.00E-03
34.34,-2.00E-03
34.35,4.00E-03
34.36,3.00E-03
34.37,-5.00E-03
34.38,-8.00E-03
34.39,-1.20E-02
34.4,-1.40E-02
34.41,-1.50E-02
34.42,-1.60E-02
34.43,-9.00E-03
34.44,9.00E-03
34.45,1.80E-02
34.46,1.80E-02
34.47,1.70E-02
34.48,1.50E-02
34.49,1.20E-02
34.5,6.00E-03
34.51,-4.00E-03
34.52,-1.20E-02
34.53,-1.50E-02
34.54,-7.00E-03
34.55,1.00E-03
34.56,1.00E-03
34.57,-3.00E-03
34.58,-5.00E-03
34.59,-1.00E-03
34.6,-3.00E-03
34.61,-7.00E-03
34.62,-7.00E-03
34.63,-3.00E-03
34.64,0.00E+00
34.65,1.00E-03
34.66,-1.00E-03
34.67,-1.00E-03
34.68,-3.00E-03
34.69,-6.00E-03
34.7,-9.00E-03
34.71,-1.50E-02
34.72,-2.70E-02
34.73,-3.20E-02
34.74,-3.10E-02
34.75,-2.80E-02
34.76,-2.90E-02
34.77,-2.40E-02
34.78,-1.70E-02
34.79,-1.20E-02
34.8,-8.00E-03
34.81,1.00E-03
34.82,1.00E-02
34.83,1.30E-02
34.84,9.00E-03
34.85,2.00E-03
34.86,-8.00E-03
34.87,-1.50E-02
34.88,-1.70E-02
34.89,-1.50E-02
34.9,-1.30E-02
34.91,-9.00E-03
34.92,-6.00E-03
34.93,-6.00E-03
34.94,-8.00E-03
34.95,-8.00E-03
34.96,-1.00E-02
34.97,-1.00E-02
34.98,-1.00E-02
34.99,-8.00E-03
35,-1.10E-02
35.01,-1.30E-02
35.02,-9.00E-03
35.03,-1.60E-02
35.04,-2.00E-02
35.05,-1.90E-02
35.06,-6.00E-03
35.07,-3.00E-03
35.08,-1.00E-03
35.09,0.00E+00
35.1,4.00E-03
35.11,6.00E-03
35.12,-3.00E-03
35.13,-4.00E-03
35.14,-3.00E-03
35.15,-5.00E-03
35.16,-9.00E-03
35.17,-1.30E-02
35.18,-1.20E-02
35.19,-8.00E-03
35.2,-1.10E-02
35.21,-1.50E-02
35.22,-2.50E-02
35.23,-3.30E-02
35.24,-3.10E-02
35.25,-2.60E-02
35.26,-2.40E-02
35.27,-2.50E-02
35.28,-2.40E-02
35.29,-2.00E-02
35.3,-1.10E-02
35.31,1.00E-03
35.32,3.00E-03
35.33,2.00E-03
35.34,1.00E-03
35.35,2.00E-03
35.36,3.00E-03
35.37,6.00E-03
35.38,7.00E-03
35.39,1.00E-03
35.4,-1.00E-03
35.41,-2.00E-03
35.42,-7.00E-03
35.43,-1.20E-02
35.44,-1.30E-02
35.45,-1.00E-02
35.46,-8.00E-03
35.47,-7.00E-03
35.48,-4.00E-03
35.49,-2.00E-03
35.5,0.00E+00
35.51,-3.00E-03
35.52,-9.00E-03
35.53,-1.20E-02
35.54,-1.00E-02
35.55,-7.00E-03
35.56,-7.00E-03
35.57,-8.00E-03
35.58,-9.00E-03
35.59,-1.00E-02
35.6,-1.30E-02
35.61,-1.60E-02
35.62,-1.70E-02
35.63,-1.70E-02
35.64,-1.50E-02
35.65,-1.60E-02
35.66,-1.80E-02
35.67,-2.00E-02
35.68,-1.80E-02
35.69,-1.30E-02
35.7,-8.00E-03
35.71,-8.00E-03
35.72,-1.40E-02
35.73,-1.90E-02
35.74,-2.10E-02
35.75,-2.30E-02
35.76,-2.20E-02
35.77,-2.00E-02
35.78,-1.80E-02
35.79,-1.70E-02
35.8,-1.90E-02
35.81,-1.90E-02
35.82,-1.70E-02
35.83,-1.50E-02
35.84,-1.40E-02
35.85,-1.10E-02
35.86,-1.00E-02
35.87,-1.10E-02
35.88,-1.20E-02
35.89,-1.40E-02
35.9,-1.40E-02
35.91,-1.30E-02
35.92,-1.40E-02
35.93,-1.70E-02
35.94,-1.80E-02
35.95,-1.30E-02
35.96,-8.00E-03
35.97,-1.00E-02
35.98,-1.30E-02
35.99,-1.10E-02
36,-6.00E-03
36.01,-5.00E-03
36.02,-8.00E-03
36.03,-9.00E-03
36.04,-7.00E-03
36.05,-5.00E-03
36.06,-4.00E-03
36.07,-2.00E-03
36.08,-2.00E-03
36.09,-2.00E-03
36.1,-4.00E-03
36.11,-5.00E-03
36.12,-7.00E-03
36.13,-1.00E-02
36.14,-1.30E-02
36.15,-1.30E-02
36.16,-1.20E-02
36.17,-1.00E-02
36.18,-6.00E-03
36.19,-3.00E-03
36.2,-1.00E-03
36.21,2.00E-03
36.22,4.00E-03
36.23,6.00E-03
36.24,7.00E-03
36.25,9.00E-03
36.26,1.00E-02
36.27,1.00E-02
36.28,8.00E-03
36.29,9.00E-03
36.3,1.30E-02
36.31,1.60E-02
36.32,1.70E-02
36.33,1.40E-02
36.34,1.00E-02
36.35,1.00E-02
36.36,1.30E-02
36.37,1.80E-02
36.38,1.90E-02
36.39,2.00E-02
36.4,2.20E-02
36.41,2.60E-02
36.42,2.70E-02
36.43,2.60E-02
36.44,2.60E-02
36.45,2.70E-02
36.46,2.60E-02
36.47,2.30E-02
36.48,2.10E-02
36.49,2.00E-02
36.5,1.90E-02
36.51,1.90E-02
36.52,1.80E-02
36.53,1.80E-02
36.54,1.60E-02
36.55,1.50E-02
36.56,1.50E-02
36.57,1.80E-02
36.58,2.10E-02
36.59,2.10E-02
36.6,1.80E-02
36.61,1.50E-02
36.62,1.70E-02
36.63,2.10E-02
36.64,2.30E-02
36.65,2.00E-02
36.66,1.60E-02
36.67,1.80E-02
36.68,1.90E-02
36.69,1.70E-02
36.7,1.40E-02
36.71,1.20E-02
36.72,1.00E-02
36.73,9.00E-03
36.74,1.00E-02
36.75,1.20E-02
36.76,1.40E-02
36.77,1.70E-02
36.78,1.80E-02
36.79,1.70E-02
36.8,1.50E-02
36.81,1.40E-02
36.82,1.40E-02
36.83,1.30E-02
36.84,9.00E-03
36.85,8.00E-03
36.86,9.00E-03
36.87,9.00E-03
36.88,8.00E-03
36.89,7.00E-03
36.9,9.00E-03
36.91,1.00E-02
36.92,7.00E-03
36.93,4.00E-03
36.94,2.00E-03
36.95,1.00E-03
36.96,1.00E-03
36.97,1.00E-03
36.98,1.00E-03
36.99,-1.00E-03
37,-5.00E-03
37.01,-8.00E-03
37.02,-8.00E-03
37.03,-6.00E-03
37.04,-4.00E-03
37.05,-2.00E-03
37.06,-2.00E-03
37.07,-2.00E-03
37.08,0.00E+00
37.09,3.00E-03
37.1,3.00E-03
37.11,-1.00E-03
37.12,-2.00E-03
37.13,-1.00E-03
37.14,3.00E-03
37.15,5.00E-03
37.16,4.00E-03
37.17,2.00E-03
37.18,1.00E-03
37.19,0.00E+00
37.2,0.00E+00
37.21,-2.00E-03
37.22,-4.00E-03
37.23,-6.00E-03
37.24,-5.00E-03
37.25,-4.00E-03
37.26,-5.00E-03
37.27,-5.00E-03
37.28,-4.00E-03
37.29,-8.00E-03
37.3,-1.20E-02
37.31,-1.20E-02
37.32,-1.00E-02
37.33,-1.10E-02
37.34,-1.20E-02
37.35,-1.00E-02
37.36,-7.00E-03
37.37,-5.00E-03
37.38,-5.00E-03
37.39,-7.00E-03
37.4,-1.10E-02
37.41,-1.50E-02
37.42,-1.60E-02
37.43,-1.70E-02
37.44,-1.70E-02
37.45,-1.80E-02
37.46,-1.70E-02
37.47,-1.60E-02
37.48,-1.50E-02
37.49,-1.60E-02
37.5,-1.50E-02
37.51,-1.40E-02
37.52,-1.10E-02
37.53,-1.10E-02
37.54,-1.30E-02
37.55,-1.70E-02
37.56,-1.80E-02
37.57,-1.80E-02
37.58,-1.70E-02
37.59,-1.50E-02
37.6,-1.40E-02
37.61,-1.40E-02
37.62,-1.30E-02
37.63,-1.00E-02
37.64,-5.00E-03
37.65,-2.00E-03
37.66,-3.00E-03
37.67,-5.00E-03
37.68,-6.00E-03
37.69,-6.00E-03
37.7,-8.00E-03
37.71,-1.00E-02
37.72,-9.00E-03
37.73,-8.00E-03
37.74,-8.00E-03
37.75,-9.00E-03
37.76,-1.20E-02
37.77,-1.20E-02
37.78,-9.00E-03
37.79,-1.00E-02
37.8,-1.20E-02
37.81,-1.10E-02
37.82,-8.00E-03
37.83,-5.00E-03
37.84,-2.00E-03
37.85,0.00E+00
37.86,1.00E-03
37.87,1.00E-03
37.88,3.00E-03
37.89,4.00E-03
37.9,5.00E-03
37.91,4.00E-03
37.92,1.00E-03
37.93,0.00E+00
37.94,0.00E+00
37.95,2.00E-03
37.96,2.00E-03
37.97,1.00E-03
37.98,-1.00E-03
37.99,-3.00E-03
38,-4.00E-03
38.01,-5.00E-03
38.02,-7.00E-03
38.03,-7.00E-03
38.04,-6.00E-03
38.05,-6.00E-03
38.06,-7.00E-03
38.07,-6.00E-03
38.08,-5.00E-03
38.09,-3.00E-03
38.1,-2.00E-03
38.11,-2.00E-03
38.12,-4.00E-03
38.13,-6.00E-03
38.14,-6.00E-03
38.15,-4.00E-03
38.16,-3.00E-03
38.17,-4.00E-03
38.18,-7.00E-03
38.19,-8.00E-03
38.2,-6.00E-03
38.21,-4.00E-03
38.22,-4.00E-03
38.23,-5.00E-03
38.24,-5.00E-03
38.25,-5.00E-03
38.26,-5.00E-03
38.27,-4.00E-03
38.28,-2.00E-03
38.29,1.00E-03
38.3,3.00E-03
38.31,2.00E-03
38.32,0.00E+00
38.33,1.00E-03
38.34,1.00E-03
38.35,2.00E-03
38.36,1.00E-03
38.37,0.00E+00
38.38,0.00E+00
38.39,0.00E+00
38.4,-1.00E-03
38.41,0.00E+00
38.42,1.00E-03
38.43,1.00E-03
38.44,0.00E+00
38.45,0.00E+00
38.46,1.00E-03
38.47,2.00E-03
38.48,3.00E-03
38.49,3.00E-03
38.5,2.00E-03
38.51,2.00E-03
38.52,2.00E-03
38.53,4.00E-03
38.54,6.00E-03
38.55,8.00E-03
38.56,9.00E-03
38.57,1.10E-02
38.58,1.30E-02
38.59,1.30E-02
38.6,1.30E-02
38.61,1.50E-02
38.62,1.50E-02
38.63,1.20E-02
38.64,1.00E-02
38.65,1.00E-02
38.66,1.20E-02
38.67,1.20E-02
38.68,1.10E-02
38.69,1.00E-02
38.7,1.00E-02
38.71,9.00E-03
38.72,9.00E-03
38.73,1.00E-02
38.74,1.00E-02
38.75,9.00E-03
38.76,7.00E-03
38.77,8.00E-03
38.78,8.00E-03
38.79,8.00E-03
38.8,9.00E-03
38.81,1.00E-02
38.82,1.00E-02
38.83,9.00E-03
38.84,7.00E-03
38.85,6.00E-03
38.86,6.00E-03
38.87,5.00E-03
38.88,4.00E-03
38.89,3.00E-03
38.9,4.00E-03
38.91,6.00E-03
38.92,7.00E-03
38.93,7.00E-03
38.94,6.00E-03
38.95,5.00E-03
38.96,3.00E-03
38.97,0.00E+00
38.98,-1.00E-03
38.99,-1.00E-03
39,0.00E+00
39.01,-2.00E-03
39.02,-4.00E-03
39.03,-3.00E-03
39.04,-2.00E-03
39.05,-2.00E-03
39.06,-3.00E-03
39.07,-3.00E-03
39.08,-4.00E-03
39.09,-4.00E-03
39.1,-3.00E-03
39.11,-2.00E-03
39.12,-2.00E-03
39.13,-2.00E-03
39.14,-2.00E-03
39.15,-1.00E-03
39.16,-1.00E-03
39.17,-2.00E-03
39.18,-4.00E-03
39.19,-3.00E-03
39.2,-3.00E-03
39.21,-1.00E-03
39.22,-2.00E-03
39.23,-3.00E-03
39.24,-3.00E-03
39.25,-2.00E-03
39.26,0.00E+00
39.27,1.00E-03
39.28,2.00E-03
39.29,2.00E-03
39.3,0.00E+00
39.31,0.00E+00
39.32,3.00E-03
39.33,5.00E-03
39.34,5.00E-03
39.35,5.00E-03
39.36,6.00E-03
39.37,7.00E-03
39.38,7.00E-03
39.39,6.00E-03
39.4,6.00E-03
39.41,6.00E-03
39.42,5.00E-03
39.43,5.00E-03
39.44,4.00E-03
39.45,2.00E-03
39.46,1.00E-03
39.47,-2.00E-03
39.48,-3.00E-03
39.49,-2.00E-03
39.5,-2.00E-03
39.51,-2.00E-03
39.52,-1.00E-03
39.53,0.00E+00
39.54,2.00E-03
39.55,4.00E-03
39.56,7.00E-03
39.57,1.00E-02
39.58,1.00E-02
39.59,8.00E-03
39.6,7.00E-03
39.61,8.00E-03
39.62,9.00E-03
39.63,9.00E-03
39.64,9.00E-03
39.65,1.10E-02
39.66,1.30E-02
39.67,1.50E-02
39.68,1.50E-02
39.69,1.30E-02
39.7,1.20E-02
39.71,1.10E-02
39.72,1.00E-02
39.73,9.00E-03
39.74,7.00E-03
39.75,7.00E-03
39.76,7.00E-03
39.77,8.00E-03
39.78,7.00E-03
39.79,6.00E-03
39.8,5.00E-03
39.81,5.00E-03
39.82,5.00E-03
39.83,5.00E-03
39.84,7.00E-03
39.85,9.00E-03
39.86,1.00E-02
39.87,7.00E-03
39.88,5.00E-03
39.89,2.00E-03
39.9,1.00E-03
39.91,-1.00E-03
39.92,-2.00E-03
39.93,-2.00E-03
39.94,0.00E+00
39.95,1.00E-03
39.96,-1.00E-03
39.97,-3.00E-03
39.98,-4.00E-03
39.99,-3.00E-03
40,-1.00E-03
40.01,1.00E-03
40.02,2.00E-03
40.03,5.00E-03
40.04,6.00E-03
40.05,6.00E-03
40.06,4.00E-03
40.07,2.00E-03
40.08,0.00E+00
40.09,-1.00E-03
40.1,-3.00E-03
40.11,-4.00E-03
40.12,-4.00E-03
40.13,-4.00E-03
40.14,-3.00E-03
40.15,-2.00E-03
40.16,-2.00E-03
40.17,-4.00E-03
40.18,-5.00E-03
40.19,-6.00E-03
40.2,-7.00E-03
40.21,-7.00E-03
40.22,-7.00E-03
40.23,-6.00E-03
40.24,-6.00E-03
40.25,-5.00E-03
40.26,-4.00E-03
40.27,-4.00E-03
40.28,-4.00E-03
40.29,-5.00E-03
40.3,-7.00E-03
40.31,-9.00E-03
40.32,-1.00E-02
40.33,-1.10E-02
40.34,-1.30E-02
40.35,-1.50E-02
40.36,-1.80E-02
40.37,-1.70E-02
40.38,-1.30E-02
40.39,-1.20E-02
40.4,-1.20E-02
40.41,-1.00E-02
40.42,-6.00E-03
40.43,-5.00E-03
40.44,-5.00E-03
40.45,-7.00E-03
40.46,-7.00E-03
40.47,-5.00E-03
40.48,-5.00E-03
40.49,-7.00E-03
40.5,-1.10E-02
40.51,-1.40E-02
40.52,-1.50E-02
40.53,-1.40E-02
40.54,-1.10E-02
40.55,-7.00E-03
40.56,-3.00E-03
40.57,0.00E+00
40.58,2.00E-03
40.59,3.00E-03
40.6,2.00E-03
40.61,3.00E-03
40.62,3.00E-03
40.63,1.00E-03
40.64,-2.00E-03
40.65,-5.00E-03
40.66,-9.00E-03
40.67,-1.30E-02
40.68,-1.50E-02
40.69,-1.30E-02
40.7,-1.10E-02
40.71,-7.00E-03
40.72,-5.00E-03
40.73,-5.00E-03
40.74,-3.00E-03
40.75,-2.00E-03
40.76,-3.00E-03
40.77,-1.00E-03
40.78,4.00E-03
40.79,7.00E-03
40.8,6.00E-03
40.81,3.00E-03
40.82,4.00E-03
40.83,5.00E-03
40.84,5.00E-03
40.85,2.00E-03
40.86,1.00E-03
40.87,0.00E+00
40.88,-2.00E-03
40.89,-2.00E-03
40.9,-3.00E-03
40.91,-3.00E-03
40.92,-1.00E-03
40.93,1.00E-03
40.94,3.00E-03
40.95,3.00E-03
40.96,0.00E+00
40.97,3.00E-03
40.98,1.10E-02
40.99,7.00E-03
41,-1.00E-03
41.01,-2.00E-03
41.02,3.00E-03
41.03,0.00E+00
41.04,-1.00E-03
41.05,0.00E+00
41.06,2.00E-03
41.07,3.00E-03
41.08,4.00E-03
41.09,2.00E-03
41.1,-1.00E-03
41.11,-3.00E-03
41.12,-6.00E-03
41.13,-1.20E-02
41.14,-1.20E-02
41.15,-8.00E-03
41.16,-5.00E-03
41.17,-3.00E-03
41.18,-5.00E-03
41.19,-5.00E-03
41.2,-5.00E-03
41.21,-6.00E-03
41.22,-7.00E-03
41.23,-7.00E-03
41.24,-6.00E-03
41.25,-6.00E-03
41.26,-6.00E-03
41.27,-5.00E-03
41.28,-4.00E-03
41.29,-3.00E-03
41.3,-2.00E-03
41.31,-3.00E-03
41.32,-5.00E-03
41.33,-6.00E-03
41.34,-5.00E-03
41.35,-5.00E-03
41.36,-5.00E-03
41.37,-5.00E-03
41.38,-3.00E-03
41.39,-1.00E-03
41.4,0.00E+00
41.41,-1.00E-03
41.42,-4.00E-03
41.43,-6.00E-03
41.44,-7.00E-03
41.45,-7.00E-03
41.46,-8.00E-03
41.47,-8.00E-03
41.48,-8.00E-03
41.49,-6.00E-03
41.5,-5.00E-03
41.51,-2.00E-03
41.52,0.00E+00
41.53,2.00E-03
41.54,4.00E-03
41.55,5.00E-03
41.56,4.00E-03
41.57,3.00E-03
41.58,1.00E-03
41.59,-1.00E-03
41.6,-2.00E-03
41.61,-2.00E-03
41.62,-3.00E-03
41.63,-3.00E-03
41.64,-1.00E-03
41.65,-1.00E-03
41.66,-1.00E-03
41.67,0.00E+00
41.68,1.00E-03
41.69,1.00E-03
41.7,2.00E-03
41.71,2.00E-03
41.72,4.00E-03
41.73,6.00E-03
41.74,9.00E-03
41.75,9.00E-03
41.76,9.00E-03
41.77,8.00E-03
41.78,6.00E-03
41.79,4.00E-03
41.8,3.00E-03
41.81,2.00E-03
41.82,2.00E-03
41.83,1.00E-03
41.84,0.00E+00
41.85,-1.00E-03
41.86,-3.00E-03
41.87,-4.00E-03
41.88,-5.00E-03
41.89,-7.00E-03
41.9,-7.00E-03
41.91,-5.00E-03
41.92,-6.00E-03
41.93,-9.00E-03
41.94,-9.00E-03
41.95,-9.00E-03
41.96,-1.00E-02
41.97,-1.10E-02
41.98,-1.20E-02
41.99,-1.20E-02
42,-1.20E-02
42.01,-1.10E-02
42.02,-1.10E-02
42.03,-1.00E-02
42.04,-8.00E-03
42.05,-6.00E-03
42.06,-6.00E-03
42.07,-6.00E-03
42.08,-6.00E-03
42.09,-5.00E-03
42.1,-3.00E-03
42.11,-3.00E-03
42.12,-3.00E-03
42.13,-4.00E-03
42.14,-3.00E-03
42.15,-3.00E-03
42.16,-3.00E-03
42.17,-3.00E-03
42.18,-3.00E-03
42.19,-3.00E-03
42.2,-3.00E-03
42.21,-3.00E-03
42.22,-4.00E-03
42.23,-5.00E-03
42.24,-6.00E-03
42.25,-4.00E-03
42.26,-2.00E-03
42.27,0.00E+00
42.28,1.00E-03
42.29,2.00E-03
42.3,2.00E-03
42.31,3.00E-03
42.32,2.00E-03
42.33,1.00E-03
42.34,1.00E-03
42.35,1.00E-03
42.36,1.00E-03
42.37,1.00E-03
42.38,1.00E-03
42.39,2.00E-03
42.4,1.00E-03
42.41,1.00E-03
42.42,1.00E-03
42.43,2.00E-03
42.44,3.00E-03
42.45,5.00E-03
42.46,6.00E-03
42.47,6.00E-03
42.48,7.00E-03
42.49,9.00E-03
42.5,1.00E-02
42.51,1.00E-02
42.52,1.00E-02
42.53,1.10E-02
42.54,1.10E-02
42.55,1.10E-02
42.56,1.10E-02
42.57,1.00E-02
42.58,8.00E-03
42.59,6.00E-03
42.6,6.00E-03
42.61,5.00E-03
42.62,5.00E-03
42.63,5.00E-03
42.64,5.00E-03
42.65,6.00E-03
42.66,7.00E-03
42.67,8.00E-03
42.68,7.00E-03
42.69,7.00E-03
42.7,6.00E-03
42.71,7.00E-03
42.72,7.00E-03
42.73,6.00E-03
42.74,5.00E-03
42.75,6.00E-03
42.76,6.00E-03
42.77,6.00E-03
42.78,6.00E-03
42.79,4.00E-03
42.8,4.00E-03
42.81,4.00E-03
42.82,4.00E-03
42.83,5.00E-03
42.84,6.00E-03
42.85,5.00E-03
42.86,5.00E-03
42.87,6.00E-03
42.88,7.00E-03
42.89,7.00E-03
42.9,6.00E-03
42.91,7.00E-03
42.92,7.00E-03
42.93,8.00E-03
42.94,8.00E-03
42.95,8.00E-03
42.96,8.00E-03
42.97,7.00E-03
42.98,6.00E-03
42.99,6.00E-03
43,6.00E-03
43.01,7.00E-03
43.02,8.00E-03
43.03,9.00E-03
43.04,9.00E-03
43.05,7.00E-03
43.06,6.00E-03
43.07,5.00E-03
43.08,4.00E-03
43.09,4.00E-03
43.1,4.00E-03
43.11,4.00E-03
43.12,3.00E-03
43.13,3.00E-03
43.14,3.00E-03
43.15,2.00E-03
43.16,1.00E-03
43.17,0.00E+00
43.18,-1.00E-03
43.19,-1.00E-03
43.2,-2.00E-03
43.21,-2.00E-03
43.22,-1.00E-03
43.23,-1.00E-03
43.24,-1.00E-03
43.25,0.00E+00
43.26,1.00E-03
43.27,1.00E-03
43.28,1.00E-03
43.29,2.00E-03
43.3,2.00E-03
43.31,2.00E-03
43.32,1.00E-03
43.33,1.00E-03
43.34,1.00E-03
43.35,0.00E+00
43.36,-1.00E-03
43.37,-3.00E-03
43.38,-3.00E-03
43.39,-4.00E-03
43.4,-5.00E-03
43.41,-6.00E-03
43.42,-5.00E-03
43.43,-4.00E-03
43.44,-3.00E-03
43.45,-1.00E-03
43.46,-1.00E-03
43.47,-1.00E-03
43.48,0.00E+00
43.49,1.00E-03
43.5,1.00E-03
43.51,0.00E+00
43.52,0.00E+00
43.53,0.00E+00
43.54,1.00E-03
43.55,1.00E-03
43.56,1.00E-03
43.57,1.00E-03
43.58,2.00E-03
43.59,3.00E-03
43.6,3.00E-03
43.61,3.00E-03
43.62,2.00E-03
43.63,1.00E-03
43.64,1.00E-03
43.65,2.00E-03
43.66,2.00E-03
43.67,1.00E-03
43.68,1.00E-03
43.69,1.00E-03
43.7,1.00E-03
43.71,1.00E-03
43.72,0.00E+00
43.73,0.00E+00
43.74,0.00E+00
43.75,0.00E+00
43.76,1.00E-03
43.77,2.00E-03
43.78,2.00E-03
43.79,2.00E-03
43.8,3.00E-03
43.81,2.00E-03
43.82,2.00E-03
43.83,2.00E-03
43.84,3.00E-03
43.85,3.00E-03
43.86,3.00E-03
43.87,4.00E-03
43.88,4.00E-03
43.89,4.00E-03
43.9,3.00E-03
43.91,1.00E-03
43.92,0.00E+00
43.93,0.00E+00
43.94,-1.00E-03
43.95,-2.00E-03
43.96,-2.00E-03
43.97,-2.00E-03
43.98,-1.00E-03
43.99,-1.00E-03
44,-1.00E-03
44.01,-2.00E-03
44.02,-3.00E-03
44.03,-4.00E-03
44.04,-4.00E-03
44.05,-4.00E-03
44.06,-4.00E-03
44.07,-3.00E-03
44.08,-3.00E-03
44.09,-3.00E-03
44.1,-2.00E-03
44.11,-2.00E-03
44.12,-2.00E-03
44.13,-2.00E-03
44.14,-2.00E-03
44.15,-1.00E-03
44.16,1.00E-03
44.17,3.00E-03
44.18,4.00E-03
44.19,5.00E-03
44.2,6.00E-03
44.21,6.00E-03
44.22,6.00E-03
44.23,6.00E-03
44.24,6.00E-03
44.25,5.00E-03
44.26,3.00E-03
44.27,2.00E-03
44.28,1.00E-03
44.29,0.00E+00
44.3,1.00E-03
44.31,1.00E-03
44.32,1.00E-03
44.33,1.00E-03
44.34,1.00E-03
44.35,1.00E-03
44.36,2.00E-03
44.37,2.00E-03
44.38,3.00E-03
44.39,2.00E-03
44.4,2.00E-03
44.41,2.00E-03
44.42,3.00E-03
44.43,3.00E-03
44.44,2.00E-03
44.45,2.00E-03
44.46,2.00E-03
44.47,2.00E-03
44.48,2.00E-03
44.49,2.00E-03
44.5,2.00E-03
44.51,2.00E-03
44.52,2.00E-03
44.53,2.00E-03
44.54,2.00E-03
44.55,2.00E-03
44.56,2.00E-03
44.57,2.00E-03
44.58,2.00E-03
44.59,2.00E-03
44.6,2.00E-03
44.61,1.00E-03
44.62,0.00E+00
44.63,-1.00E-03
44.64,-1.00E-03
44.65,-1.00E-03
44.66,-2.00E-03
44.67,-3.00E-03
44.68,-4.00E-03
44.69,-4.00E-03
44.7,-4.00E-03
44.71,-4.00E-03
44.72,-5.00E-03
44.73,-5.00E-03
44.74,-4.00E-03
44.75,-4.00E-03
44.76,-4.00E-03
44.77,-4.00E-03
44.78,-3.00E-03
44.79,-3.00E-03
44.8,-2.00E-03
44.81,-2.00E-03
44.82,-2.00E-03
44.83,-2.00E-03
44.84,-2.00E-03
44.85,-1.00E-03
44.86,-1.00E-03
44.87,-1.00E-03
44.88,-1.00E-03
44.89,-1.00E-03
44.9,0.00E+00
44.91,1.00E-03
44.92,1.00E-03
44.93,1.00E-03
44.94,1.00E-03
44.95,1.00E-03
44.96,1.00E-03
44.97,1.00E-03
44.98,1.00E-03
44.99,1.00E-03
45,1.00E-03
45.01,1.00E-03
45.02,3.00E-03
45.03,4.00E-03
45.04,4.00E-03
45.05,4.00E-03
45.06,5.00E-03
45.07,6.00E-03
45.08,6.00E-03
45.09,5.00E-03
45.1,5.00E-03
45.11,5.00E-03
45.12,4.00E-03
45.13,4.00E-03
45.14,2.00E-03
45.15,2.00E-03
45.16,2.00E-03
45.17,2.00E-03
45.18,2.00E-03
45.19,2.00E-03
45.2,2.00E-03
45.21,3.00E-03
45.22,4.00E-03
45.23,4.00E-03
45.24,5.00E-03
45.25,5.00E-03
45.26,4.00E-03
45.27,3.00E-03
45.28,3.00E-03
45.29,2.00E-03
45.3,1.00E-03
45.31,-1.00E-03
45.32,-1.00E-03
45.33,-2.00E-03
45.34,-2.00E-03
45.35,-2.00E-03
45.36,-2.00E-03
45.37,-3.00E-03
45.38,-3.00E-03
45.39,-4.00E-03
45.4,-4.00E-03
45.41,-4.00E-03
45.42,-3.00E-03
45.43,-2.00E-03
45.44,-2.00E-03
45.45,-3.00E-03
45.46,-3.00E-03
45.47,-4.00E-03
45.48,-5.00E-03
45.49,-5.00E-03
45.5,-4.00E-03
45.51,-3.00E-03
45.52,-3.00E-03
45.53,-3.00E-03
45.54,-3.00E-03
45.55,-2.00E-03
45.56,-2.00E-03
45.57,-3.00E-03
45.58,-3.00E-03
45.59,-3.00E-03
45.6,-2.00E-03
45.61,-2.00E-03
45.62,-2.00E-03
45.63,-2.00E-03
45.64,-2.00E-03
45.65,-2.00E-03
45.66,-2.00E-03
45.67,-2.00E-03
45.68,-3.00E-03
45.69,-3.00E-03
45.7,-2.00E-03
45.71,0.00E+00
45.72,2.00E-03
45.73,3.00E-03
45.74,3.00E-03
45.75,2.00E-03
45.76,1.00E-03
45.77,1.00E-03
45.78,2.00E-03
45.79,1.00E-03
45.8,1.00E-03
45.81,1.00E-03
45.82,2.00E-03
45.83,2.00E-03
45.84,1.00E-03
45.85,0.00E+00
45.86,0.00E+00
45.87,0.00E+00
45.88,0.00E+00
45.89,-1.00E-03
45.9,-1.00E-03
45.91,0.00E+00
45.92,1.00E-03
45.93,1.00E-03
45.94,0.00E+00
45.95,0.00E+00
45.96,0.00E+00
45.97,-1.00E-03
45.98,-1.00E-03
45.99,-1.00E-03
46,-2.00E-03
46.01,-2.00E-03
46.02,-3.00E-03
46.03,-4.00E-03
46.04,-5.00E-03
46.05,-5.00E-03
46.06,-5.00E-03
46.07,-5.00E-03
46.08,-5.00E-03
46.09,-5.00E-03
46.1,-4.00E-03
46.11,-5.00E-03
46.12,-5.00E-03
46.13,-4.00E-03
46.14,-3.00E-03
46.15,-2.00E-03
46.16,-1.00E-03
46.17,-1.00E-03
46.18,-1.00E-03
46.19,-1.00E-03
46.2,-1.00E-03
46.21,-1.00E-03
46.22,-2.00E-03
46.23,-2.00E-03
46.24,-3.00E-03
46.25,-3.00E-03
46.26,-2.00E-03
46.27,-2.00E-03
46.28,-1.00E-03
46.29,0.00E+00
46.3,0.00E+00
46.31,0.00E+00
46.32,1.00E-03
46.33,0.00E+00
46.34,-1.00E-03
46.35,-1.00E-03
46.36,-1.00E-03
46.37,0.00E+00
46.38,1.00E-03
46.39,1.00E-03
46.4,1.00E-03
46.41,1.00E-03
46.42,1.00E-03
46.43,2.00E-03
46.44,2.00E-03
46.45,2.00E-03
46.46,2.00E-03
46.47,3.00E-03
46.48,3.00E-03
46.49,3.00E-03
46.5,3.00E-03
46.51,2.00E-03
46.52,2.00E-03
46.53,3.00E-03
46.54,3.00E-03
46.55,3.00E-03
46.56,3.00E-03
46.57,3.00E-03
46.58,3.00E-03
46.59,3.00E-03
46.6,3.00E-03
46.61,3.00E-03
46.62,4.00E-03
46.63,5.00E-03
46.64,6.00E-03
46.65,7.00E-03
46.66,6.00E-03
46.67,6.00E-03
46.68,6.00E-03
46.69,6.00E-03
46.7,5.00E-03
46.71,5.00E-03
46.72,5.00E-03
46.73,5.00E-03
46.74,5.00E-03
46.75,5.00E-03
46.76,6.00E-03
46.77,6.00E-03
46.78,5.00E-03
46.79,4.00E-03
46.8,4.00E-03
46.81,5.00E-03
46.82,4.00E-03
46.83,4.00E-03
46.84,4.00E-03
46.85,2.00E-03
46.86,1.00E-03
46.87,0.00E+00
46.88,0.00E+00
46.89,0.00E+00
46.9,-1.00E-03
46.91,0.00E+00
46.92,0.00E+00
46.93,-1.00E-03
46.94,-1.00E-03
46.95,-2.00E-03
46.96,-3.00E-03
46.97,-3.00E-03
46.98,-4.00E-03
46.99,-4.00E-03
47,-4.00E-03
47.01,-4.00E-03
47.02,-3.00E-03
47.03,-2.00E-03
47.04,-2.00E-03
47.05,-3.00E-03
47.06,-3.00E-03
47.07,-3.00E-03
47.08,-3.00E-03
47.09,-3.00E-03
47.1,-3.00E-03
47.11,-2.00E-03
47.12,-2.00E-03
47.13,-1.00E-03
47.14,-1.00E-03
47.15,-1.00E-03
47.16,-1.00E-03
47.17,-2.00E-03
47.18,-3.00E-03
47.19,-3.00E-03
47.2,-2.00E-03
47.21,-2.00E-03
47.22,-1.00E-03
47.23,-1.00E-03
47.24,-2.00E-03
47.25,-3.00E-03
47.26,-4.00E-03
47.27,-5.00E-03
47.28,-6.00E-03
47.29,-7.00E-03
47.3,-6.00E-03
47.31,-5.00E-03
47.32,-5.00E-03
47.33,-4.00E-03
47.34,-4.00E-03
47.35,-4.00E-03
47.36,-5.00E-03
47.37,-5.00E-03
47.38,-6.00E-03
47.39,-6.00E-03
47.4,-6.00E-03
47.41,-6.00E-03
47.42,-5.00E-03
47.43,-4.00E-03
47.44,-4.00E-03
47.45,-3.00E-03
47.46,-2.00E-03
47.47,-1.00E-03
47.48,0.00E+00
47.49,0.00E+00
47.5,0.00E+00
47.51,1.00E-03
47.52,2.00E-03
47.53,2.00E-03
47.54,1.00E-03
47.55,0.00E+00
47.56,1.00E-03
47.57,2.00E-03
47.58,3.00E-03
47.59,3.00E-03
47.6,3.00E-03
47.61,4.00E-03
47.62,4.00E-03
47.63,4.00E-03
47.64,4.00E-03
47.65,5.00E-03
47.66,5.00E-03
47.67,5.00E-03
47.68,5.00E-03
47.69,5.00E-03
47.7,4.00E-03
47.71,4.00E-03
47.72,3.00E-03
47.73,2.00E-03
47.74,2.00E-03
47.75,2.00E-03
47.76,2.00E-03
47.77,2.00E-03
47.78,2.00E-03
47.79,3.00E-03
47.8,2.00E-03
47.81,2.00E-03
47.82,3.00E-03
47.83,3.00E-03
47.84,3.00E-03
47.85,2.00E-03
47.86,2.00E-03
47.87,2.00E-03
47.88,2.00E-03
47.89,2.00E-03
47.9,0.00E+00
47.91,-1.00E-03
47.92,-1.00E-03
47.93,-1.00E-03
47.94,-1.00E-03
47.95,-1.00E-03
47.96,-1.00E-03
47.97,-1.00E-03
47.98,-2.00E-03
47.99,-2.00E-03
48,-3.00E-03
48.01,-3.00E-03
48.02,-3.00E-03
48.03,-3.00E-03
48.04,-3.00E-03
48.05,-3.00E-03
48.06,-3.00E-03
48.07,-4.00E-03
48.08,-4.00E-03
48.09,-5.00E-03
48.1,-5.00E-03
48.11,-5.00E-03
48.12,-5.00E-03
48.13,-5.00E-03
48.14,-4.00E-03
48.15,-3.00E-03
48.16,-3.00E-03
48.17,-2.00E-03
48.18,-1.00E-03
48.19,-1.00E-03
48.2,-1.00E-03
48.21,-1.00E-03
48.22,-1.00E-03
48.23,-1.00E-03
48.24,-2.00E-03
48.25,-2.00E-03
48.26,-2.00E-03
48.27,-2.00E-03
48.28,-1.00E-03
48.29,-2.00E-03
48.3,-2.00E-03
48.31,-2.00E-03
48.32,-2.00E-03
48.33,-2.00E-03
48.34,-1.00E-03
48.35,-1.00E-03
48.36,-1.00E-03
48.37,-1.00E-03
48.38,-1.00E-03
48.39,-1.00E-03
48.4,-1.00E-03
48.41,-2.00E-03
48.42,-3.00E-03
48.43,-3.00E-03
48.44,-3.00E-03
48.45,-2.00E-03
48.46,-1.00E-03
48.47,-1.00E-03
48.48,-2.00E-03
48.49,-3.00E-03
48.5,-3.00E-03
48.51,-3.00E-03
48.52,-3.00E-03
48.53,-4.00E-03
48.54,-3.00E-03
48.55,-3.00E-03
48.56,-3.00E-03
48.57,-3.00E-03
48.58,-2.00E-03
48.59,-2.00E-03
48.6,-3.00E-03
48.61,-3.00E-03
48.62,-3.00E-03
48.63,-2.00E-03
48.64,-1.00E-03
48.65,0.00E+00
48.66,0.00E+00
48.67,0.00E+00
48.68,0.00E+00
48.69,1.00E-03
48.7,1.00E-03
48.71,1.00E-03
48.72,1.00E-03
48.73,2.00E-03
48.74,2.00E-03
48.75,2.00E-03
48.76,1.00E-03
48.77,0.00E+00
48.78,1.00E-03
48.79,3.00E-03
48.8,2.00E-03
48.81,2.00E-03
48.82,1.00E-03
48.83,1.00E-03
48.84,3.00E-03
48.85,4.00E-03
48.86,4.00E-03
48.87,3.00E-03
48.88,3.00E-03
48.89,4.00E-03
48.9,3.00E-03
48.91,2.00E-03
48.92,2.00E-03
48.93,3.00E-03
48.94,3.00E-03
48.95,3.00E-03
48.96,3.00E-03
48.97,3.00E-03
48.98,3.00E-03
48.99,3.00E-03
49,2.00E-03
49.01,2.00E-03
49.02,2.00E-03
49.03,3.00E-03
49.04,3.00E-03
49.05,3.00E-03
49.06,4.00E-03
49.07,4.00E-03
49.08,4.00E-03
49.09,4.00E-03
49.1,4.00E-03
49.11,4.00E-03
49.12,4.00E-03
49.13,5.00E-03
49.14,7.00E-03
49.15,8.00E-03
49.16,7.00E-03
49.17,7.00E-03
49.18,7.00E-03
49.19,6.00E-03
49.2,5.00E-03
49.21,4.00E-03
49.22,4.00E-03
49.23,5.00E-03
49.24,6.00E-03
49.25,7.00E-03
49.26,6.00E-03
49.27,6.00E-03
49.28,6.00E-03
49.29,5.00E-03
49.3,5.00E-03
49.31,4.00E-03
49.32,3.00E-03
49.33,3.00E-03
49.34,3.00E-03
49.35,3.00E-03
49.36,2.00E-03
49.37,2.00E-03
49.38,3.00E-03
49.39,3.00E-03
49.4,2.00E-03
49.41,1.00E-03
49.42,1.00E-03
49.43,1.00E-03
49.44,2.00E-03
49.45,2.00E-03
49.46,2.00E-03
49.47,1.00E-03
49.48,1.00E-03
49.49,0.00E+00
49.5,-1.00E-03
49.51,-2.00E-03
49.52,-2.00E-03
49.53,-1.00E-03
49.54,-1.00E-03
49.55,-2.00E-03
49.56,-2.00E-03
49.57,-1.00E-03
49.58,-2.00E-03
49.59,-3.00E-03
49.6,-3.00E-03
49.61,-2.00E-03
49.62,0.00E+00
49.63,0.00E+00
49.64,1.00E-03
49.65,1.00E-03
49.66,0.00E+00
49.67,1.00E-03
49.68,1.00E-03
49.69,1.00E-03
49.7,1.00E-03
49.71,1.00E-03
49.72,1.00E-03
49.73,1.00E-03
49.74,2.00E-03
49.75,2.00E-03
49.76,2.00E-03
49.77,1.00E-03
49.78,1.00E-03
49.79,2.00E-03
49.8,2.00E-03
49.81,1.00E-03
49.82,1.00E-03
49.83,0.00E+00
49.84,-2.00E-03
49.85,-2.00E-03
49.86,-3.00E-03
49.87,-3.00E-03
49.88,-3.00E-03
49.89,-3.00E-03
49.9,-3.00E-03
49.91,-3.00E-03
49.92,-3.00E-03
49.93,-3.00E-03
49.94,-2.00E-03
49.95,-2.00E-03
49.96,-2.00E-03
49.97,-2.00E-03
49.98,-3.00E-03
49.99,-3.00E-03
50,-2.00E-03
50.01,-3.00E-03
50.02,-3.00E-03
50.03,-2.00E-03
50.04,-2.00E-03
50.05,-1.00E-03
50.06,-2.00E-03
50.07,-2.00E-03
50.08,-1.00E-03
50.09,-1.00E-03
50.1,-2.00E-03
50.11,-2.00E-03
50.12,-2.00E-03
50.13,-1.00E-03
50.14,-1.00E-03
50.15,-1.00E-03
50.16,-1.00E-03
50.17,-2.00E-03
50.18,-2.00E-03
50.19,-2.00E-03
50.2,-3.00E-03
50.21,-3.00E-03
50.22,-3.00E-03
50.23,-2.00E-03
50.24,-1.00E-03
50.25,0.00E+00
50.26,0.00E+00
50.27,0.00E+00
50.28,0.00E+00
50.29,0.00E+00
50.3,0.00E+00
50.31,-1.00E-03
50.32,-2.00E-03
50.33,-2.00E-03
50.34,-1.00E-03
50.35,-1.00E-03
50.36,-1.00E-03
50.37,0.00E+00
50.38,0.00E+00
50.39,-1.00E-03
50.4,-2.00E-03
50.41,-2.00E-03
50.42,-3.00E-03
50.43,-4.00E-03
50.44,-4.00E-03
50.45,-3.00E-03
50.46,-3.00E-03
50.47,-2.00E-03
50.48,-1.00E-03
50.49,0.00E+00
50.5,0.00E+00
50.51,-1.00E-03
50.52,-3.00E-03
50.53,-4.00E-03
50.54,-4.00E-03
50.55,-4.00E-03
50.56,-4.00E-03
50.57,-4.00E-03
50.58,-4.00E-03
50.59,-3.00E-03
50.6,-2.00E-03
50.61,-2.00E-03
50.62,-3.00E-03
50.63,-3.00E-03
50.64,-3.00E-03
50.65,-3.00E-03
50.66,-3.00E-03
50.67,-2.00E-03
50.68,-1.00E-03
50.69,0.00E+00
50.7,0.00E+00
50.71,0.00E+00
50.72,-1.00E-03
50.73,-2.00E-03
50.74,-3.00E-03
50.75,-3.00E-03
50.76,-3.00E-03
50.77,-3.00E-03
50.78,-3.00E-03
50.79,-3.00E-03
50.8,-3.00E-03
50.81,-2.00E-03
50.82,-1.00E-03
50.83,-1.00E-03
50.84,-2.00E-03
50.85,-1.00E-03
50.86,-1.00E-03
50.87,-1.00E-03
50.88,-1.00E-03
50.89,0.00E+00
50.9,1.00E-03
50.91,1.00E-03
50.92,2.00E-03
50.93,2.00E-03
50.94,2.00E-03
50.95,2.00E-03
50.96,1.00E-03
50.97,1.00E-03
50.98,0.00E+00
50.99,-1.00E-03
51,-2.00E-03
51.01,-2.00E-03
51.02,-1.00E-03
51.03,-1.00E-03
51.04,-2.00E-03
51.05,-2.00E-03
51.06,-2.00E-03
51.07,-2.00E-03
51.08,-2.00E-03
51.09,-2.00E-03
51.1,-2.00E-03
51.11,-3.00E-03
51.12,-3.00E-03
51.13,-3.00E-03
51.14,-3.00E-03
51.15,-2.00E-03
51.16,-2.00E-03
51.17,-2.00E-03
51.18,-2.00E-03
51.19,-2.00E-03
51.2,-3.00E-03
51.21,-3.00E-03
51.22,-4.00E-03
51.23,-4.00E-03
51.24,-4.00E-03
51.25,-3.00E-03
51.26,-3.00E-03
51.27,-3.00E-03
51.28,-2.00E-03
51.29,-3.00E-03
51.3,-4.00E-03
51.31,-5.00E-03
51.32,-4.00E-03
51.33,-4.00E-03
51.34,-4.00E-03
51.35,-4.00E-03
51.36,-4.00E-03
51.37,-4.00E-03
51.38,-4.00E-03
51.39,-4.00E-03
51.4,-3.00E-03
51.41,-2.00E-03
51.42,-2.00E-03
51.43,-3.00E-03
51.44,-3.00E-03
51.45,-2.00E-03
51.46,-3.00E-03
51.47,-3.00E-03
51.48,-2.00E-03
51.49,-2.00E-03
51.5,-1.00E-03
51.51,-2.00E-03
51.52,-2.00E-03
51.53,-2.00E-03
51.54,-1.00E-03
51.55,-1.00E-03
51.56,-2.00E-03
51.57,-2.00E-03
51.58,-1.00E-03
51.59,0.00E+00
51.6,0.00E+00
51.61,1.00E-03
51.62,1.00E-03
51.63,2.00E-03
51.64,2.00E-03
51.65,2.00E-03
51.66,1.00E-03
51.67,1.00E-03
51.68,1.00E-03
51.69,2.00E-03
51.7,3.00E-03
51.71,4.00E-03
51.72,6.00E-03
51.73,6.00E-03
51.74,5.00E-03
51.75,4.00E-03
51.76,3.00E-03
51.77,3.00E-03
51.78,2.00E-03
51.79,3.00E-03
51.8,3.00E-03
51.81,4.00E-03
51.82,5.00E-03
51.83,5.00E-03
51.84,5.00E-03
51.85,4.00E-03
51.86,3.00E-03
51.87,3.00E-03
51.88,3.00E-03
51.89,3.00E-03
51.9,3.00E-03
51.91,3.00E-03
51.92,3.00E-03
51.93,4.00E-03
51.94,4.00E-03
51.95,3.00E-03
51.96,2.00E-03
51.97,2.00E-03
51.98,2.00E-03
51.99,3.00E-03
52,3.00E-03
52.01,3.00E-03
52.02,4.00E-03
52.03,3.00E-03
52.04,3.00E-03
52.05,2.00E-03
52.06,1.00E-03
52.07,0.00E+00
52.08,1.00E-03
52.09,1.00E-03
52.1,2.00E-03
52.11,2.00E-03
52.12,3.00E-03
52.13,3.00E-03
52.14,2.00E-03
52.15,2.00E-03
52.16,1.00E-03
52.17,0.00E+00
52.18,-1.00E-03
52.19,-1.00E-03
52.2,0.00E+00
52.21,0.00E+00
52.22,0.00E+00
52.23,1.00E-03
52.24,2.00E-03
52.25,2.00E-03
52.26,2.00E-03
52.27,1.00E-03
52.28,1.00E-03
52.29,1.00E-03
52.3,2.00E-03
52.31,3.00E-03
52.32,3.00E-03
52.33,3.00E-03
52.34,3.00E-03
52.35,2.00E-03
52.36,3.00E-03
52.37,2.00E-03
52.38,2.00E-03
52.39,1.00E-03
52.4,1.00E-03
52.41,1.00E-03
52.42,2.00E-03
52.43,2.00E-03
52.44,3.00E-03
52.45,3.00E-03
52.46,2.00E-03
52.47,2.00E-03
52.48,2.00E-03
52.49,2.00E-03
52.5,1.00E-03
52.51,1.00E-03
52.52,2.00E-03
52.53,2.00E-03
52.54,1.00E-03
52.55,2.00E-03
52.56,2.00E-03
52.57,2.00E-03
52.58,2.00E-03
52.59,2.00E-03
52.6,2.00E-03
52.61,2.00E-03
52.62,2.00E-03
52.63,3.00E-03
52.64,4.00E-03
52.65,4.00E-03
52.66,4.00E-03
52.67,4.00E-03
52.68,4.00E-03
52.69,4.00E-03
52.7,4.00E-03
52.71,4.00E-03
52.72,3.00E-03
52.73,3.00E-03
52.74,3.00E-03
52.75,4.00E-03
52.76,4.00E-03
52.77,3.00E-03
52.78,2.00E-03
,
,
,
,
,
,
,
,
,
,
,
,
,
,
,
,
,
,
,
,
,
,
,
,
,
,
,
,
,
,
,
,
,
,
,
,
,
,
,
,
,
,
,
,
,
,
,
,
,
,
,
,
,
,
,
,
,
,
,
,
,
,
,
,
,
,
,
,
,
,
,
,
,
,
,
,
,
,
,
,
,
,
,
,
,
,
,
,
,
,
,
,
,
,
,
,
,
,
,
,
,
,
,
,
,
,
,
,
,
,
,
,
,
,
,
,
,
,
,
,
,
,
,
,
,
,
,
,
,
,
,
,
,
,
,
,
,
,
,
,
,
,
,
,
,
,
,
,
,
,
,
,
,
,
,
,
,
,
,
,
,
,
,
,
,
,
,
,
,
,
,
,
,
,
,
,
,
,
,
,
,
,
,
,
,
,
,
,
,
,
,
,
,
,
,
,
,
,
,
,
,
,
,
,
,
,
,
,
,
,
,
,
,
,
,
,
,
,
,
,
,
,
,
,
,
,
,
,
,
,
,
,
,
,
,
,
,
,
,
,
,
,
,
,
,
,
,
,
,
,
,
,
,
,
,
,
,
,
,
,
,
,
,
,
,
,
,
,
,
,
,
,
,
,
,
,
,
,
,
,
,
,
,
,
,
,
,
,
,
,
,
,
,
,
,
,
,
,
,
,
,
,
,
,
,
,
,
,
,
,
,
,
,
,
,
,
,
,
,
,
,
,
,
,
,
,
,
,
,
,
,
,
,
,
,
,
,
,
,
,
,
,
,
,
,
,
,
,
,
,
,
,
,
,
,
,
,
,
,
,
,
,
,
,
,
,
,
,
,
,
,
,
,
,
,
,
,
,
,
,
,
,
,
,
,
,
,
,
,
,
,
,
,
,
,
,
,
,
,
,
,
,
,
,
,
,
,
,
,
,
,
,
,
,
,
,
,
,
,
,
,
,
,
,
,
,
,
,
,
,
,
,
,
,
,
,
,
,
,
,
,
,
,
,
,
,
,
,
,
,
,
,
,
,
,
,
,
,
,
,
,
,
,
,
,
,
,
,
,
,
,
,
,
,
,
,
,
,
,
,
,
,
,
,
,
,
,
,
,
,
,
,
,
,
,
,
,
,
,
,
,
,
,
,
,
,
,
,
,
,
,
,
,
,
,
,
,
,
,
,
,
,
,
,
,
,
,
,
,
,
,
,
,
,
,
,
,
,
,
,
,
,
,
,
,
,
,
,
,
,
,
,
,
,
,
,
,
,
,
,
,
,
,
,
,
,
,
,
,
,
,
,
,
,
,
,
,
,
,
,
,
,
,
,
,
,
,
,
,
,
,
,
,
,
,
,
,
,
,
,
,
,
,
,
,
,
,
,
,
,
,
,
,
,
,
,
,
,
,
,
,
,
,
,
,
,
,
,
,
,
,
,
,
,
,
,
,
,
,
,
,
,
,
,
,
,
,
,
,
,
,
,
,
,
,
,
,
,
,
,
,
,
,
,
,
,
,
,
,
,
,
,
,
,
,
,
,
,
,
,
,
,
,
,
,
,
,
,
,
,
,
,
,
,
,
,
,
,
,
,
,
,
,
,
,
,
,
,
,
,
,
,
,
,
,
,
,
,
,
,
,
,
,
,
,
,
,
,
,
,
,
,
,
,
,
,
,
,
,
,
,
,
,
,
,
,
,
,
,
,
,
,
,
,
,
,
,
,
,
,
,
,
,
,
,
,
,
,
,
,
,
,
,
,
,
,
,
,
,
,
,
,
,
,
,
,
,
,
,
,
,
,
,
,
,
,
,
,
,
,
,
,
,
,
,
,
,
,
,
,
,
,
,
,
,
,
,
,
,
,
,
,
,
,
,
,
,
,
,
,
,
,
,
,
,
,
,
,
,
,
,
,
,
,
,
,
,
,
,
,
,
,
,
,
,
,
,
,
,
,
,
,
,
,
,
,
,
,
,
,
,
,
,
,
,
,
,
,
,
,
,
,
,
,
,
,
,
,
,
,
,
,
,
,
,
,
,
,
,
,
,
,
,
,
,
,
,
,
,
,
,
,
,
,
,
,
,
,
,
,
,
,
,
,
,
,
,
,
,
,
,
,
,
,
,
,
,
,
,
,
,
,
,
,
,
,
,
,
,
,
,
,
,
,
,
,
,
,
,
,
,
,
,
,
,
,
,
,
,
,
,
,
,
,
,
,
,
,
,
,
,
,
,
,
,
,
,
,
,
,
,
,
,
,
,
,
,
,
,
,
,
,
,
,
,
,
,
,
,
,
,
,
,
,
,
,
,
,
,
,
,
,
,
,
,
,
,
,
,
,
,
,
,
,
,
,
,
,
,
,
,
,
,
,
,
,
,
,
,
,
,
,
,
,
,
,
,
,
,
,
,
,
,
,
,
,
,
,
,
,
,
,
,
,
,
,
,
,
,
,
,
,
,
,
,
,
,
,
,
,
,
,
,
,
,
,
,
,
,
,
,
,
,
,
,
,
,
,
,
,
,
,
,
,
,
,
,
,
,
,
,
,
,
,
,
,
,
,
,
,
,
,
,
,
,
,
,
,
,
,
,
,
,
,
,
,
,
,
,
,
,
,
,
,
,
,
,
,
,
,
,
,
,
,
,
,
,
,
,
,
,
,
,
,
,
,
,
,
,
,
,
,
,
,
,
,
,
,
,
,
,
,
,
,
,
,
,
,
,
,
,
,
,
,
,
,
,
,
,
,
,
,
,
,
,
,
,
,
,
,
,
,
,
,
,
,
,
,
,
,
,
,
,
,
,
,
,
,
,
,
,
,
,
,
,
,
,
,
,
,
,
,
,
,
,
,
,
,
,
,
,
,
,
,
,
,
,
,
,
,
,
,
,
,
,
,
,
,
,
,
,
,
,
,
,
,
,
,
,
,
,
,
,
,
,
,
,
,
,
,
,
,
,
,
,
,
,
,
,
,
,
,
,
,
,
,
,
,
,
,
,
,
,
,
,
,
,
,
,
,
,
,
,
,
,
,
,
,
,
,
,
,
,
,
,
,
,
,
,
,
,
,
,
,
,
,
,
,
,
,
,
,
,
,
,
,
,
,
,
,
,
,
,
,
,
,
,
,
,
,
,
,
,
,
,
,
,
,
,
,
,
,
,
,
,
,
,
,
,
,
,
,
,
,
,
,
,
,
,
,
,
,
,
,
,
,
,
,
,
,
,
,
,
,
,
,
,
,
,
,
,
,
,
,
,
,
,
,
,
,
,
,
,
,
,
,
,
,
,
,
,
,
,
,
,
,
,
,
,
,
,
,
,
,
,
,
,
,
,
,
,
,
,
,
,
,
,
,
,
,
,
,
,
,
,
,
,
,
,
,
,
,
,
,
,
,
,
,
,
,
,
,
,
,
,
,
,
,
,
,
,
,
,
,
,
,
,
,
,
,
,
,
,
,
,
,
,
,
,
,
,
,
,
,
,
,
,
,
,
,
,
,
,
,
,
,
,
,
,
,
,
,
,
,
,
,
,
,
,
,
,
,
,
,
,
,
,
,
,
,
,
,
,
,
,
,
,
,
,
,
,
,
,
,
,
,
,
,
,
,
,
,
,
,
,
,
,
,
,
,
,
,
,
,
,
,
,
,
,
,
,
,
,
,
,
,
,
,
,
,
,
,
,
,
,
,
,
,
,
,
,
,
,
,
,
,
,
,
,
,
,
,
,
,
,
,
,
,
,
,
,
,
,
,
,
,
,
,
,
,
,
,
,
,
,
,
,
,
,
,
,
,
,
,
,
,
,
,
,
,
,
,
,
,
,
,
,
,
,
,
,
,
,
,
,
,
,
,
,
,
,
,
,
,
,
,
,
,
,
,
,
,
,
,
,
,
,
,
,
,
,
,
,
,
,
,
,
,
,
,
,
,
,
,
,
,
,
,
,
,
,
,
,
,
,
,
,
,
,
,
,
,
,
,
,
,
,
,
,
,
,
,
,
,
,
,
,
,
,
,
,
,
,
,
,
,
,
,
,
,
,
,
,
,
,
,
,
,
,
,
,
,
,
,
,
,
,
,
,
,
,
,
,
,
,
,
,
,
,
,
,
,
,
,
,
,
,
,
,
,
,
,
,
,
,
,
,
,
,
,
,
,
,
,
,
,
,
,
,
,
,
,
,
,
,
,
,
,
,
,
,
,
,
,
,
,
,
,
,
,
,
,
,
,
,
,
,
,
,
,
,
,
,
,
,
,
,
,
,
,
,
,
,
,
,
,
,
,
,
,
,
,
,
,
,
,
,
,
,
,
,
,
,
,
,
,
,
,
,
,
,
,
,
,
,
,
,
,
,
,
,
,
,
,
,
,
,
,
,
,
,
,
,
,
,
,
,
,
,
,
,
,
,
,
,
,
,
,
,
,
,
,
,
,
,
,
,
,
,
,
,
,
,
,
,
,
,
,
,
,
,
,
,
,
,
,
,
,
,
,
,
,
,
,
,
,
,
,
,
,
,
,
,
,
,
,
,
,
,
,
,
,
,
,
,
,
,
,
,
,
,
,
,
,
,
,
,
,
,
,
,
,
,
,
,
,
,
,
,
,
,
,
,
,
,
,
,
,
,
,
,
,
,
,
,
,
,
,
,
,
,
,
,
,
,
,
,
,
,
,
,
,
,
,
,
,
,
,
,
,
,
,
,
,
,
,
,
,
,
,
,
,
,
,
,
,
,
,
,
,
,
,
,
,
,
,
,
,
,
,
,
,
,
,
,
,
,
,
,
,
,
,
,
,
,
,
,
,
,
,
,
,
,
,
,
,
,
,
,
,
,
,
,
,
,
,
,
,
,
,
,
,
,
,
,
,
,
,
,
,
,
,
,
,
,
,
,
,
,
,
,
,
,
,
,
,
,
,
,
,
,
,
,
,
,
,
,
,
,
,
,
,
,
,
,
,
,
,
,
,
,
,
,
,
,
,
,
,
,
,
,
,
,
,
,
,
,
,
,
,
,
,
,
,
,
,
,
,
,
,
,
,
,
,
,
,
,
,
,
,
,
,
,
,
,
,
,
,
,
,
,
,
,
,
,
,
,
,
,
,
,
,
,
,
,
,
,
,
,
,
,
,
,
,
,
,
,
,
,
,
,
,
,
,
,
,
,
,
,
,
,
,
,
,
,
,
,
,
,
,
,
,
,
,
,
,
,
,
,
,
,
,
,
,
,
,
,
,
,
,
,
,
,
,
,
,
,
,
,
,
,
,
,
,
,
,
,
,
,
,
,
,
,
,
,
,
,
,
,
,
,
,
,
,
,
,
,
,
,
,
,
,
,
,
,
,
,
,
,
,
,
,
,
,
,
,
,
,
,
,
,
,
,
,
,
,
,
,
,
,
,
,
,
,
,
,
,
,
,
,
,
,
,
,
,
,
,
,
,
,
,
,
,
,
,
,
,
,
,
,
,
,
,
,
,
,
,
,
,
,
,
,
,
,
,
,
,
,
,
,
,
,
,
,
,
,
,
,
,
,
,
,
,
,
,
,
,
,
,
,
,
,
,
,
,
,
,
,
,
,
,
,
,
,
,
,
,
,
,
,
,
,
,
,
,
,
,
,
,
,
,
,
,
,
,
,
,
,
,
,
,
,
,
,
,
,
,
,
,
,
,
,
,
,
,
,
,
,
,
,
,
,
,
,
,
,
,
,
,
,
,
,
,
,
,
,
,
,
,
,
,
,
,
,
,
,
,
,
,
,
,
,
,
,
,
,
,
,
,
,
,
,
,
,
,
,
,
,
,
,
,
,
,
,
,
,
,
,
,
,
,
,
,
,
,
,
,
,
,
,
,
,
,
,
,
,
,
,
,
,
,
,
,
,
,
,
,
,
,
,
,
,
,
,
,
,
,
,
,
,
,
,
,
,
,
,
,
,
,
,
,
,
,
,
,
,
,
,
,
,
,
,
,
,
,
,
,
,
,
,
,
,
,
,
,
,
,
,
,
,
,
,
,
,
,
,
,
,
,
,
,
,
,
,
,
,
,
,
,
,
,
,
,
,
,
,
,
,
,
,
,
,
,
,
,
,
,
,
,
,
,
,
,
,
,
,
,
,
,
,
,
,
,
,
,
,
,
,
,
,
,
,
,
,
,
,
,
,
,
,
,
,
,
,
,
,
,
,
,
,
,
,
,
,
,
,
,
,
,
,
,
,
,
,
,
,
,
,
,
,
,
,
,
,
,
,
,
,
,
,
,
,
,
,
,
,
,
,
,
,
,
,
,
,
,
,
,
,
,
,
,
,
,
,
,
,
,
,
,
,
,
,
,
,
,
,
,
,
,
,
,
,
,
,
,
,
,
,
,
,
,
,
,
,
,
,
,
,
,
,
,
,
,
,
,
,
,
,
,
,
,
,
,
,
,
,
,
,
,
,
,
,
,
,
,
,
,
,
,
,
,
,
,
,
,
,
,
,
,
,
,
,
,
,
,
,
,
,
,
,
,
,
,
,
,
,
,
,
,
,
,
,
,
,
,
,
,
,
,
,
,
,
,
,
,
,
,
,
,
,
,
,
,
,
,
,
,
,
,
,
,
,
,
,
,
,
,
,
,
,
,
,
,
,
,
,
,
,
,
,
,
,
,
,
,
,
,
,
,
,
,
,
,
,
,
,
,
,
,
,
,
,
,
,
,
,
,
,
,
,
,
,
,
,
,
,
,
,
,
,
,
,
,
,
,
,
,
,
,
,
,
,
,
,
,
,
,
,
,
,
,
,
,
,
,
,
,
,
,
,
,
,
,
,
,
,
,
,
,
,
,
,
,
,
,
,
,
,
,
,
,
,
,
,
,
,
,
,
,
,
,
,
,
,
,
,
,
,
,
,
,
,
,
,
,
,
,
,
,
,
,
,
,
,
,
,
,
,
,
,
,
,
,
,
,
,
,
,
,
,
,
,
,
,
,
,
,
,
,
,
,
,
,
,
,
,
,
,
,
,
,
,
,
,
,
,
,
,
,
,
,
,
,
,
,
,
,
,
,
,
,
,
,
,
,
,
,
,
,
,
,
,
,
,
,
,
,
,
,
,
,
,
,
,
,
,
,
,
,
,
,
,
,
,
,
,
,
,
,
,
,
,
,
,
,
,
,
,
,
,
,
,
,
,
,
,
,
,
,
,
,
,
,
,
,
,
,
,
,
,
,
,
,
,
,
,
,
,
,
,
,
,
,
,
,
,
,
,
,
,
,
,
,
,
,
,
,
,
,
,
,
,
,
,
,
,
,
,
,
,
,
,
,
,
,
,
,
,
,
,
,
,
,
,
,
,
,
,
,
,
,
,
,
,
,
,
,
,
,
,
,
,
,
,
,
,
,
,
,
,
,
,
,
,
,
,
,
,
,
,
,
,
,
,
,
,
,
,
,
,
,
,
,
,
,
,
,
,
,
,
,
,
,
,
,
,
,
,
,
,
,
,
,
,
,
,
,
,
,
,
,
,
,
,
,
,
,
,
,
,
,
,
,
,
,
,
,
,
,
,
,
,
,
,
,
,
,
,
,
,
,
,
,
,
,
,
,
,
,
,
,
,
,
,
,
,
,
,
,
,
,
,
,
,
,
,
,
,
,
,
,
,
,
,
,
,
,
,
,
,
,
,
,
,
,
,
,
,
,
,
,
,
,
,
,
,
,
,
,
,
,
,
,
,
,
,
,
,
,
,
,
,
,
,
,
,
,
,
,
,
,
,
,
,
,
,
,
,
,
,
,
,
,
,
,
,
,
,
,
,
,
,
,
,
,
,
,
,
,
,
,
,
,
,
,
,
,
,
,
,
,
,
,
,
,
,
,
,
,
,
,
,
,
,
,
,
,
,
,
,
,
,
,
,
,
,
,
,
,
,
,
,
,
,
,
,
,
,
,
,
,
,
,
,
,
,
,
,
,
,
,
,
,
,
,
,
,
,
,
,
,
,
,
,
,
,
,
,
,
,
,
,
,
,
,
,
,
,
,
,
,
,
,
,
,
,
,
,
,
,
,
,
,
,
,
,
,
,
,
,
,
,
,
,
,
,
,
,
,
,
,
,
,
,
,
,
,
,
,
,
,
,
,
,
,
,
,
,
,
,
,
,
,
,
,
,
,
,
,
,
,
,
,
,
,
,
,
,
,
,
,
,
,
,
,
,
,
,
,
,
,
,
,
,
,
,
,
,
,
,
,
,
,
,
,
,
,
,
,
,
,
,
,
,
,
,
,
,
,
,
,
,
,
,
,
,
,
,
,
,
,
,
,
,
,
,
,
,
,
,
,
,
,
,
,
,
,
,
,
,
,
,
,
,
,
,
,
,
,
,
,
,
,
,
,
,
,
,
,
,
,
,
,
,
,
,
,
,
,
,
,
,
,
,
,
,
,
,
,
,
,
,
,
,
,
,
,
,
,
,
,
,
,
,
,
,
,
,
,
,
,
,
,
,
,
,
,
,
,
,
,
,
,
,
,
,
,
,
,
,
,
,
,
,
,
,
,
,
,
,
,
,
,
,
,
,
,
,
,
,
,
,
,
,
,
,
,
,
,
,
,
,
,
,
,
,
,
,
,
,
,
,
,
,
,
,
,
,
,
,
,
,
,
,
,
,
,
,
,
,
,
,
,
,
,
,
,
,
,
,
,
,
,
,
,
,
,
,
,
,
,
,
,
,
,
,
,
,
,
,
,
,
,
,
,
,
,
,
,
,
,
,
,
,
,
,
,
,
,
,
,
,
,
,
,
,
,
,
,
,
,
,
,
,
,
,
,
,
,
,
,
,
,
,
,
,
,
,
,
,
,
,
,
,
,
,
,
,
,
,
,
,
,
,
,
,
,
,
,
,
,
,
,
,
,
,
,
,
,
,
,
,
,
,
,
,
,
,
,
,
,
,
,
,
,
,
,
,
,
,
,
,
,
,
,
,
,
,
,
,
,
,
,
,
,
,
,
,
,
,
,
,
,
,
,
,
,
,
,
,
,
,
,
,
,
,
,
,
,
,
,
,
,
,
,
,
,
,
,
,
,
,
,
,
,
,
,
,
,
,
,
,
,
,
,
,
,
,
,
,
,
,
,
,
,
,
,
,
,
,
,
,
,
,
,
,
,
,
,
,
,
,
,
,
,
,
,
,
,
,
,
,
,
,
,
,
,
,
,
,
,
,
,
,
,
,
,
,
,
,
,
,
,
,
,
,
,
,
,
,
,
,
,
,
,
,
,
,
,
,
,
,
,
,
,
,
,
,
,
,
,
,
,
,
,
,
,
,
,
,
,
,
,
,
,
,
,
,
,
,
,
,
,
,
,
,
,
,
,
,
,
,
,
,
,
,
,
,
,
,
,
,
,
,
,
,
,
,
,
,
,
,
,
,
,
,
,
,
,
,
,
,
,
,
,
,
,
,
,
,
,
,
,
,
,
,
,
,
,
,
,
,
,
,
,
,
,
,
,
,
,
,
,
,
,
,
,
,
,
,
,
,
,
,
,
,
,
,
,
,
,
,
,
,
,
,
,
,
,
,
,
,
,
,
,
,
,
,
,
,
,
,
,
,
,
,
,
,
,
,
,
,
,
,
,
,
,
,
,
,
,
,
,
,
,
,
,
,
,
,
,
,
,
,
,
,
,
,
,
,
,
,
,
,
,
,
,
,
,
,
,
,
,
,
,
,
,
,
,
,
,
,
,
,
,
,
,
,
,
,
,
,
,
,
,
,
,
,
,
,
,
,
,
,
,
,
,
,
,
,
,
,
,
,
,
,
,
,
,
,
,
,
,
,
,
,
,
,
,
,
,
,
,
,
,
,
,
,
,
,
,
,
,
,
,
,
,
,
,
,
,
,
,
,
,
,
,
,
,
,
,
,
,
,
,
,
,
,
,
,
,
,
,
,
,
,
,
,
,
,
,
,
,
,
,
,
,
,
,
,
,
,
,
,
,
,
,
,
,
,
,
,
,
,
,
,
,
,
,
,
,
,
,
,
,
,
,
,
,
,
,
,
,
,
,
,
,
,
,
,
,
,
,
,
,
,
,
,
,
,
,
,
,
,
,
,
,
,
,
,
,
,
,
,
,
,
,
,
,
,
,
,
,
,
,
,
,
,
,
,
,
,
,
,
,
,
,
,
,
,
,
,
,
,
,
,
,
,
,
,
,
,
,
,
,
,
,
,
,
,
,
,
,
,
,
,
,
,
,
,
,
,
,
,
,
,
,
,
,
,
,
,
,
,
,
,
,
,
,
,
,
,
,
,
,
,
,
,
,
,
,
,
,
,
,
,
,
,
,
,
,
,
,
,
,
,
,
,
,
,
,
,
,
,
,
,
,
,
,
,
,
,
,
,
,
,
,
,
,
,
,
,
,
,
,
,
,
,
,
,
,
,
,
,
,
,
,
,
,
,
,
,
,
,
,
,
,
,
,
,
,
,
,
,
,
,
,
,
,
,
,
,
,
,
,
,
,
,
,
,
,
,
,
,
,
,
,
,
,
,
,
,
,
,
,
,
,
,
,
,
,
,
,
,
,
,
,
,
,
,
,
,
,
,
,
,
,
,
,
,
,
,
,
,
,
,
,
,
,
,
,
,
,
,
,
,
,
,
,
,
,
,
,
,
,
,
,
,
,
,
,
,
,
,
,
,
,
,
,
,
,
,
